<?xml version="1.0" encoding="UTF-8"?>
<includes>

        <variable name="CDArt">
		<value condition="!IsEmpty(ListItem.Art(discart))">$INFO[ListItem.Art(discart)]</value>
		<value condition="IntegerGreaterThan(ListItem.VideoResolution,719)">common/cdart_hd.png</value>
		<value condition="!IsEmpty(ListItem.VideoResolution)">common/cdart_sd.png</value>
	</variable>

<!-- Ajout Variable -->
	<variable name="PlayerPoster">
        		<value condition="!IsEmpty(Player.Art(tvshow.poster))">$INFO[Player.Art(tvshow.poster)]</value>
        		<value condition="!IsEmpty(Player.Art(poster))">$INFO[Player.Art(poster)]</value>        		
    	</variable>

<!-- Ajout Variable -->
	<variable name="ClearArt">
		<value condition="!IsEmpty(ListItem.Art(tvshow.clearart))">$INFO[ListItem.Art(tvshow.clearart)]</value>
		<value condition="!IsEmpty(ListItem.Art(clearart))">$INFO[ListItem.Art(clearart)]</value>
		<value condition="Window.IsVisible(script-skin_helper_service-CustomInfo.xml) + !IsEmpty(Container(999).ListItem.Art(tvshow.clearart))">$INFO[Container(999).ListItem.Art(tvshow.clearart)]</value>
		<value condition="Window.IsVisible(script-skin_helper_service-CustomInfo.xml) + !IsEmpty(Container(999).ListItem.Art(clearart))">$INFO[Container(999).ListItem.Art(clearart)]</value>
	</variable>
	
	<variable name="ClearArt_View">
        		<value condition="!IsEmpty(ListItem.Art(tvshow.clearart))">$INFO[ListItem.Art(tvshow.clearart)]</value>
        		<value condition="!IsEmpty(ListItem.Art(clearart))">$INFO[ListItem.Art(clearart)]</value>
        		<value condition="!IsEmpty(ListItem.Art(tvshow.clearlogo))">$INFO[ListItem.Art(tvshow.clearlogo)]</value>
        		<value condition="!IsEmpty(ListItem.Art(clearlogo))">$INFO[ListItem.Art(clearlogo)]</value>
          </variable>

<!-- Ajout Variable -->	
	<variable name="PlayerClearArt">
        		<value condition="!IsEmpty(Player.Art(tvshow.clearart))">$INFO[Player.Art(tvshow.clearart)]</value>
        		<value condition="!IsEmpty(Player.Art(clearart))">$INFO[Player.Art(clearart)]</value>
        		<value condition="!IsEmpty(Player.Art(tvshow.clearlogo))">$INFO[Player.Art(tvshow.clearlogo)]</value>
        		<value condition="!IsEmpty(Player.Art(clearlogo))">$INFO[Player.Art(clearlogo)]</value>
          </variable>

<!-- Ajout Variable -->	
	<variable name="MusicClearLogo">
		<value condition="!IsEmpty(ListItem.AlbumArtist)">$INFO[Skin.String(artworklocation)]$INFO[ListItem.AlbumArtist]/logo.png</value>
		<value>$INFO[Skin.String(artworklocation)]$INFO[ListItem.Artist]/logo.png</value>
	</variable>
	
<!-- Ajout Variable -->
    <variable name="ClearLogoTop">
        <value condition="!IsEmpty(ListItem.Art(clearlogo))">$INFO[ListItem.Art(clearlogo)]</value>
        <value condition="!IsEmpty(ListItem.Art(tvshow.clearlogo))">$INFO[ListItem.Art(tvshow.clearlogo)]</value>
        <value condition="!IsEmpty(Container(9500).ListItem.Art(clearlogo)) + Skin.HasSetting(furniture.showhublogo) + !Control.IsVisible(9499)">$INFO[Container(9500).ListItem.Art(clearlogo)]</value>
        <value condition="!IsEmpty(Container(9500).ListItem.Art(tvshow.clearlogo)) + Skin.HasSetting(furniture.showhublogo) + !Control.IsVisible(9499)">$INFO[Container(9500).ListItem.Art(tvshow.clearlogo)]</value>
        <value condition="!IsEmpty(Container(9001).ListItem.Art(clearlogo))">$INFO[Container(9001).ListItem.Art(clearlogo)]</value>
        <value condition="!IsEmpty(Container(9001).ListItem.Art(tvshow.clearlogo))">$INFO[Container(9001).ListItem.Art(tvshow.clearlogo)]</value>
        <value condition="substring(Container.FolderPath,video.youtube)">logos/Youtube_logo.png</value>
        <value condition="substring(Container.FolderPath,video.dailymotion)">logos/Dailymotion_logo.png</value>
        <value condition="substring(Container.FolderPath,video.cine.fr)">logos/CineFR_logo.png</value>
        <value condition="substring(Container.FolderPath,video.vstream)">logos/VStream_logo.png</value>
        <value condition="substring(Container.FolderPath,video.freplay)">logos/FReplay_logo.png</value>
        <value condition="substring(Container.FolderPath,video.allocine)">logos/Allocine_logo.png</value>
    </variable>

<!-- Ajout Variable -->    
    <variable name="MusicCDArt">
		<!--<value>$INFO[Skin.String(musiccdart.location)]$INFO[ListItem.Artist]$INFO[ListItem.Album,/,.png]</value>-->
		<value>$INFO[Skin.String(musiccdart.location)]$INFO[ListItem.Artist,,/]$INFO[ListItem.Album,,/]cdart.png</value>		
    </variable>	

    <variable name="Image_Poster">
        <value condition="[Window.IsVisible(script-ExtendedInfo Script-DialogVideoInfo.xml) | Window.IsVisible(script-ExtendedInfo Script-DialogInfo.xml)] + Control.IsVisible(150) + !IsEmpty(Container(150).ListItem.Icon)">$INFO[Container(150).ListItem.Icon]</value>
        <value condition="[Window.IsVisible(script-ExtendedInfo Script-DialogVideoInfo.xml) | Window.IsVisible(script-ExtendedInfo Script-DialogInfo.xml)] + Control.IsVisible(250) + !IsEmpty(Container(250).ListItem.Icon)">$INFO[Container(250).ListItem.Icon]</value>
        <value condition="[Window.IsVisible(script-ExtendedInfo Script-DialogVideoInfo.xml) | Window.IsVisible(script-ExtendedInfo Script-DialogInfo.xml)] + Control.IsVisible(350) + !IsEmpty(Container(350).ListItem.Icon)">$INFO[Container(350).ListItem.Icon]</value>
        <value condition="[Window.IsVisible(script-ExtendedInfo Script-DialogVideoInfo.xml) | Window.IsVisible(script-ExtendedInfo Script-DialogInfo.xml)] + Control.IsVisible(450) + !IsEmpty(Container(450).ListItem.Icon)">$INFO[Container(450).ListItem.Icon]</value>
        <value condition="[Window.IsVisible(script-ExtendedInfo Script-DialogVideoInfo.xml) | Window.IsVisible(script-ExtendedInfo Script-DialogInfo.xml)] + Control.IsVisible(550) + !IsEmpty(Container(550).ListItem.Icon)">$INFO[Container(550).ListItem.Icon]</value>
        <value condition="[Window.IsVisible(script-ExtendedInfo Script-DialogVideoInfo.xml) | Window.IsVisible(script-ExtendedInfo Script-DialogInfo.xml)] + Control.IsVisible(650) + !IsEmpty(Container(650).ListItem.Icon)">$INFO[Container(650).ListItem.Icon]</value>
        <value condition="[Window.IsVisible(script-ExtendedInfo Script-DialogVideoInfo.xml) | Window.IsVisible(script-ExtendedInfo Script-DialogInfo.xml)] + Control.IsVisible(750) + !IsEmpty(Container(750).ListItem.Icon)">$INFO[Container(750).ListItem.Icon]</value>
        <value condition="[Window.IsVisible(script-ExtendedInfo Script-DialogVideoInfo.xml) | Window.IsVisible(script-ExtendedInfo Script-DialogInfo.xml)] + Control.IsVisible(850) + !IsEmpty(Container(850).ListItem.Icon)">$INFO[Container(850).ListItem.Icon]</value>
        <value condition="[Window.IsVisible(script-ExtendedInfo Script-DialogVideoInfo.xml) | Window.IsVisible(script-ExtendedInfo Script-DialogInfo.xml)] + Control.IsVisible(950) + !IsEmpty(Container(950).ListItem.Icon)">$INFO[Container(950).ListItem.Icon]</value>
        <value condition="[Window.IsVisible(script-ExtendedInfo Script-DialogVideoInfo.xml) | Window.IsVisible(script-ExtendedInfo Script-DialogInfo.xml)] + Control.IsVisible(1000) + !IsEmpty(Container(1000).ListItem.Icon)">$INFO[Container(1000).ListItem.Icon]</value>
        <value condition="[Window.IsVisible(script-ExtendedInfo Script-DialogVideoInfo.xml) | Window.IsVisible(script-ExtendedInfo Script-DialogInfo.xml)] + Control.IsVisible(1050) + !IsEmpty(Container(1050).ListItem.Icon)">$INFO[Container(1050).ListItem.Icon]</value>
        <value condition="[Window.IsVisible(script-ExtendedInfo Script-DialogVideoInfo.xml) | Window.IsVisible(script-ExtendedInfo Script-DialogInfo.xml)] + Control.IsVisible(1150) + !IsEmpty(Container(1150).ListItem.Icon)">$INFO[Container(1150).ListItem.Icon]</value>
        <value condition="[Window.IsVisible(script-ExtendedInfo Script-DialogVideoInfo.xml) | Window.IsVisible(script-ExtendedInfo Script-DialogInfo.xml)] + Control.IsVisible(1250) + !IsEmpty(Container(1250).ListItem.Icon)">$INFO[Container(1250).ListItem.Icon]</value>
        <value condition="[Window.IsVisible(script-ExtendedInfo Script-DialogVideoInfo.xml) | Window.IsVisible(script-ExtendedInfo Script-DialogInfo.xml)] + Control.IsVisible(1350) + !IsEmpty(Container(1350).ListItem.Icon)">$INFO[Container(1350).ListItem.Icon]</value>
        <value condition="[Window.IsVisible(script-ExtendedInfo Script-DialogVideoInfo.xml) | Window.IsVisible(script-ExtendedInfo Script-DialogInfo.xml)] + Control.IsVisible(1450) + !IsEmpty(Container(1450).ListItem.Icon)">$INFO[Container(1450).ListItem.Icon]</value>
        <value condition="[Window.IsVisible(script-ExtendedInfo Script-DialogVideoInfo.xml) | Window.IsVisible(script-ExtendedInfo Script-DialogInfo.xml)] + !IsEmpty(Window.Property(thumb))">$INFO[Window.Property(thumb)]</value>
        <value condition="[Window.IsVisible(script-ExtendedInfo Script-DialogVideoInfo.xml) | Window.IsVisible(script-ExtendedInfo Script-DialogInfo.xml)] + !IsEmpty(Window.Property(actor.thumb))">$INFO[Window.Property(actor.thumb)]</value>
        <value condition="[Window.IsVisible(script-ExtendedInfo Script-DialogVideoInfo.xml) | Window.IsVisible(script-ExtendedInfo Script-DialogInfo.xml)] + !IsEmpty(Window.Property(movie.thumb))">$INFO[Window.Property(movie.thumb)]</value>
        <value condition="Window.IsVisible(DialogVideoInfo.xml) + !IsEmpty(Window.Property(list))">$INFO[Container(9500).ListItem.Icon]</value>
        <value condition="Window.IsVisible(DialogVideoInfo.xml) + StringCompare(Control.GetLabel(5),$LOCALIZE[207])">$INFO[Container(50).ListItem.Icon]</value>
        <value condition="Container.Content(genres) + Window.IsVisible(MyVideoNav.xml) + !IsEmpty(Skin.String(genre.icons.path))">$INFO[Skin.String(genre.icons.path)]$INFO[ListItem.Label,,.jpg]</value>
        <value condition="!IsEmpty(ListItem.Art(poster))">$INFO[ListItem.Art(poster)]</value>
        <value condition="Window.IsVisible(script-skin_helper_service-CustomInfo.xml)">$INFO[Container(999).ListItem.Art(poster)]</value>
        <value condition="!IsEmpty(ListItem.Art(tvshow.poster))">$INFO[ListItem.Art(tvshow.poster)]</value>
        <value>$INFO[ListItem.Icon]</value>
    </variable>

    <variable name="Image_Thumb2">
        <value condition="!IsEmpty(ListItem.Art(landscape)) + Skin.HasSetting(show.tvshowsthumbs)">$INFO[ListItem.Art(landscape)]</value>
        <value condition="!IsEmpty(ListItem.Art(fanart)) + !Container.Content(episodes)">$INFO[ListItem.Art(fanart)]</value>
        <value condition="!IsEmpty(ListItem.Thumb) + Window.IsVisible(MyPics.xml) + Container.Content(episodes)">$INFO[ListItem.Thumb]</value>
        <value>$INFO[ListItem.Icon]</value>
    </variable>

<!-- Ajout Variable -->    
    <variable name="Image_Thumb">
        <value condition="!IsEmpty(ListItem.Art(landscape)) + Skin.HasSetting(show.moviesthumbs)">$INFO[ListItem.Art(landscape)]</value>
        <value condition="!IsEmpty(ListItem.Art(fanart)) + !Container.Content(episodes)">$INFO[ListItem.Art(fanart)]</value>
        <value condition="!IsEmpty(ListItem.Thumb) + Window.IsVisible(MyPics.xml) + Container.Content(episodes)">$INFO[ListItem.Thumb]</value>
        <value>$INFO[ListItem.Icon]</value>
    </variable>

    <variable name="Image_PVRThumb">
        <value condition="!IsEmpty(Window(Home).Property(SkinHelper.PVR.FanArt))">$INFO[Window(Home).Property(SkinHelper.PVR.FanArt)]</value>
        <value>$INFO[ListItem.Icon]</value>
    </variable>

    <variable name="Image_Icon">
        <value condition="Container.Content(genres)">http://localhost:52307/getvarimage&amp;title=$INFO{Skin.String(genre.icons.path)}$INFO[ListItem.Label,,.jpg]&amp;fallback=$INFO[ListItem.Icon]</value>
        <value>$INFO[ListItem.Icon]</value>
    </variable>

    <variable name="Image_Fanart">
        <value condition="!IsEmpty(ListItem.Art(fanart))">$INFO[ListItem.Art(fanart)]</value>
    </variable>

    <variable name="Image_Banner">
        <value condition="!IsEmpty(ListItem.Art(banner))">$INFO[ListItem.Art(banner)]</value>
        <value condition="!IsEmpty(ListItem.Art(tvshow.banner))">$INFO[ListItem.Art(tvshow.banner)]</value>
        <value>$VAR[Image_Fanart]</value>
    </variable>

    <variable name="Image_RSS_Icon">
<!-- Modification Value -->    
        <value condition="Window.IsVisible(SettingsCategory.xml) | Window.IsVisible(SkinSettings.xml)">common/info.png</value>
        <value condition="Player.HasMedia + Player.Paused">common/pause.png</value>
        <value condition="Player.HasMedia + !Player.Paused">common/play.png</value>
        <value condition="!IsEmpty(Window(Home).Property(NextAired.NextDate)) + !Skin.HasSetting(hidenextairedinfos)">common/nextaired.png</value>
        <value condition="IsEmpty(Window(Home).Property(NextAired.NextDate)) + !IsEmpty(Window(Home).Property(NextAired.LatestTitle)) + !Skin.HasSetting(hidenextairedinfos)">common/nextaired.png</value>
<!-- Ajout Value -->        
        <value condition="Window.IsVisible(AddonBrowser.xml)">common/rss_update.png</value>
    </variable>

    <variable name="Image_Background">
        <value condition="Window.IsVisible(script-ExtendedInfo Script-VideoList.xml)">$INFO[Container(500).ListItem.Art(fanart)]</value>
        <value condition="Window.IsVisible(script-ExtendedInfo Script-DialogVideoInfo.xml) + !IsEmpty(Window(home).Property(ExtendedInfo_fanart))">$INFO[Window(home).Property(ExtendedInfo_fanart)]</value>
        <value condition="Window.IsVisible(script-ExtendedInfo Script-DialogVideoInfo.xml) | Window.IsVisible(script-ExtendedInfo Script-DialogInfo.xml)">special://skin/extras/backgrounds/actor.jpg</value>
        <value condition="Window.IsVisible(weather) + !IsEmpty(Skin.String(weather.fanart.path))">$INFO[Skin.String(weather.fanart.path)]$INFO[Window(Weather).Property(Current.FanartCode)]/</value>
<!-- Modification Value -->        
        <value condition="Window.IsVisible(home) + [StringCompare(Container(9000).ListItem.Property(widget),Weather) | [IsEmpty(Container(9000).ListItem.Property(widget)) + StringCompare(Skin.String(home.fallbackwidget),Weather)]] + !IsEmpty(Skin.String(weather.fanart.path)) + ![!IsEmpty(Container(9002).ListItem.Property(Background)) + Control.HasFocus(9002)] + SubString(Container(9001).ListItem.FileNameAndPath,jpg,Right)">$INFO[Container(9001).ListItem.FileNameAndPath]</value>
        <value condition="Window.IsVisible(home) + StringCompare(Container(9000).ListItem.Property(widgetType),picture) + !IsEmpty(Container(9001).ListItem.Icon)">$INFO[Container(9001).ListItem.Icon]</value>
<!-- Modification Value -->        
        <value condition="Window.IsVisible(home) + !IsEmpty(Container(9001).ListItem.Art(fanart)) + ![!IsEmpty(Container(9002).ListItem.Property(Background)) + Control.HasFocus(9002)] + !Skin.HasSetting(replace.widgetbackground)">$INFO[Container(9001).ListItem.Art(fanart)]</value>
        <value condition="Window.IsVisible(home) + StringCompare(Container(9000).ListItem.Property(background),playlistBackground)">$INFO[Container(9988).ListItem.Art(fanart)]</value>
        <value condition="Window.IsVisible(home) + !IsEmpty(Container(9000).ListItem.Property(Background)) + ![!IsEmpty(Container(9002).ListItem.Property(Background)) + Control.HasFocus(9002)]">$INFO[Container(9000).ListItem.Property(Background)]</value>
<!-- Ajout Value -->        
        <value condition="Window.IsVisible(home) + [!IsEmpty(Container(9002).ListItem.Property(Background)) + Control.HasFocus(9002)]">$INFO[Container(9002).ListItem.Property(Background)]</value>
<!-- Ajout Value -->           
        <value condition="[!IsEmpty(Container(9501).ListItem.Property(Background)) + Control.HasFocus(9501)]">$INFO[Container(9501).ListItem.Property(Background)]</value>    
        <value condition="Window.IsVisible(home) + IsEmpty(Skin.String(background.fallback))">special://skin/extras/backgrounds/home.jpg</value>
        <value condition="Window.IsVisible(home) + !IsEmpty(Skin.String(background.fallback))">$INFO[Skin.String(background.fallback)]</value>
        <value condition="Skin.HasSetting(background.hidefanart) + IsEmpty(Skin.String(background.fallback))">common/black.png</value>
        <value condition="Skin.HasSetting(background.hidefanart) + !IsEmpty(Skin.String(background.fallback))">$INFO[Skin.String(background.fallback)]</value>
        <value condition="!IsEmpty(Container(9500).ListItem.Art(fanart)) + !Skin.HasSetting(global.fanart)">$INFO[Container(9500).ListItem.Art(fanart)]</value>
        <value condition="!IsEmpty(ListItem.Art(fanart)) + !Skin.HasSetting(global.fanart)">$INFO[ListItem.Art(fanart)]</value>
        <value condition="!IsEmpty(Skin.String(background.fallback))">$INFO[Skin.String(background.fallback)]</value>
        <value condition="[Window.IsVisible(script-NextAired-TVGuide.xml) | Window.IsVisible(script-NextAired-TVGuide2.xml)]+ Control.HasFocus(200)">$INFO[Container(200).ListItem.Property(Fanart)]</value>
        <value condition="[Window.IsVisible(script-NextAired-TVGuide.xml) | Window.IsVisible(script-NextAired-TVGuide2.xml)] + Control.HasFocus(201)">$INFO[Container(201).ListItem.Property(Fanart)]</value>
        <value condition="[Window.IsVisible(script-NextAired-TVGuide.xml) | Window.IsVisible(script-NextAired-TVGuide2.xml)] + Control.HasFocus(202)">$INFO[Container(202).ListItem.Property(Fanart)]</value>
        <value condition="[Window.IsVisible(script-NextAired-TVGuide.xml) | Window.IsVisible(script-NextAired-TVGuide2.xml)] + Control.HasFocus(203)">$INFO[Container(203).ListItem.Property(Fanart)]</value>
        <value condition="[Window.IsVisible(script-NextAired-TVGuide.xml) | Window.IsVisible(script-NextAired-TVGuide2.xml)]+ Control.HasFocus(204)">$INFO[Container(204).ListItem.Property(Fanart)]</value>
        <value condition="[Window.IsVisible(script-NextAired-TVGuide.xml) | Window.IsVisible(script-NextAired-TVGuide2.xml)] + Control.HasFocus(205)">$INFO[Container(205).ListItem.Property(Fanart)]</value>
        <value condition="[Window.IsVisible(script-NextAired-TVGuide.xml) | Window.IsVisible(script-NextAired-TVGuide2.xml)] + Control.HasFocus(206)">$INFO[Container(206).ListItem.Property(Fanart)]</value>
        <value condition="Window.IsVisible(script-NextAired-TVGuide2.xml) + Control.HasFocus(207)">$INFO[Container(207).ListItem.Property(Fanart)]</value>
        <value condition="Window.IsVisible(script-NextAired-TVGuide2.xml) + Control.HasFocus(208)">$INFO[Container(208).ListItem.Property(Fanart)]</value>
        <value condition="Window.IsVisible(script-NextAired-TVGuide2.xml) + Control.HasFocus(209)">$INFO[Container(209).ListItem.Property(Fanart)]</value>
        <value condition="Window.IsVisible(script-NextAired-TVGuide2.xml) + Control.HasFocus(210)">$INFO[Container(210).ListItem.Property(Fanart)]</value>
        <value condition="Window.IsVisible(script-NextAired-TVGuide2.xml) + Control.HasFocus(211)">$INFO[Container(211).ListItem.Property(Fanart)]</value>
        <value condition="Window.IsVisible(script-NextAired-TVGuide2.xml) + Control.HasFocus(212)">$INFO[Container(212).ListItem.Property(Fanart)]</value>
        <value condition="Window.IsVisible(script-NextAired-TVGuide2.xml) + Control.HasFocus(213)">$INFO[Container(213).ListItem.Property(Fanart)]</value>
        <value condition="Window.IsVisible(script-NextAired-TVGuide2.xml) + Control.HasFocus(214)">$INFO[Container(214).ListItem.Property(Fanart)]</value>
        <value condition="Window.IsVisible(script-NextAired-TVGuide2.xml) + Control.HasFocus(215)">$INFO[Container(215).ListItem.Property(Fanart)]</value>
        <value>common/black.png</value>
    </variable>

    <variable name="Image_Indicator">
        <value condition="ListItem.IsPlaying + [StringCompare(Skin.String(indicators),$LOCALIZE[31735]) | StringCompare(Skin.String(indicators),$LOCALIZE[31736]) | IsEmpty(Skin.String(indicators))]">indicator/play.png</value>
        <value condition="ListItem.IsResumable + [StringCompare(Skin.String(indicators),$LOCALIZE[31735]) | StringCompare(Skin.String(indicators),$LOCALIZE[31736]) | IsEmpty(Skin.String(indicators))]">indicator/inprogress.png</value>
        <value condition="stringcompare(ListItem.Overlay,OverlayWatched.png) + [StringCompare(Skin.String(indicators),$LOCALIZE[31735]) | StringCompare(Skin.String(indicators),$LOCALIZE[31736]) | IsEmpty(Skin.String(indicators))]">indicator/checkmark.png</value>
        <value condition="[SubString(ListItem.Overlay,OverlayUnwatched.png) + [[Container.Content(movies) + [StringCompare(Window(Home).Property(LatestMovie.1.Title),ListItem.Label) | StringCompare(Window(Home).Property(LatestMovie.2.Title),ListItem.Label) | StringCompare(Window(Home).Property(LatestMovie.3.Title),ListItem.Label) | StringCompare(Window(Home).Property(LatestMovie.4.Title),ListItem.Label) | StringCompare(Window(Home).Property(LatestMovie.5.Title),ListItem.Label) | StringCompare(Window(Home).Property(LatestMovie.6.Title),ListItem.Label) | StringCompare(Window(Home).Property(LatestMovie.7.Title),ListItem.Label) | StringCompare(Window(Home).Property(LatestMovie.8.Title),ListItem.Label) | StringCompare(Window(Home).Property(LatestMovie.9.Title),ListItem.Label) | StringCompare(Window(Home).Property(LatestMovie.10.Title),ListItem.Label)]] | [[Container.Content(tvshows)] + [StringCompare(Window(Home).Property(LatestEpisode.1.ShowTitle),ListItem.TvShowTitle) | StringCompare(Window(Home).Property(LatestEpisode.2.ShowTitle),ListItem.TvShowTitle) | StringCompare(Window(Home).Property(LatestEpisode.3.ShowTitle),ListItem.TvShowTitle) | StringCompare(Window(Home).Property(LatestEpisode.4.ShowTitle),ListItem.TvShowTitle) | StringCompare(Window(Home).Property(LatestEpisode.5.ShowTitle),ListItem.TvShowTitle) | StringCompare(Window(Home).Property(LatestEpisode.6.ShowTitle),ListItem.TvShowTitle) | StringCompare(Window(Home).Property(LatestEpisode.7.ShowTitle),ListItem.TvShowTitle) | StringCompare(Window(Home).Property(LatestEpisode.8.ShowTitle),ListItem.TvShowTitle) | StringCompare(Window(Home).Property(LatestEpisode.9.ShowTitle),ListItem.TvShowTitle) | StringCompare(Window(Home).Property(LatestEpisode.10.ShowTitle),ListItem.TvShowTitle)]] | [Container.Content(episodes) + [StringCompare(Window(Home).Property(LatestEpisode.1.EpisodeTitle),ListItem.Title) | StringCompare(Window(Home).Property(LatestEpisode.2.EpisodeTitle),ListItem.Title) | StringCompare(Window(Home).Property(LatestEpisode.3.EpisodeTitle),ListItem.Title) | StringCompare(Window(Home).Property(LatestEpisode.4.EpisodeTitle),ListItem.Title) | StringCompare(Window(Home).Property(LatestEpisode.5.EpisodeTitle),ListItem.Title) | StringCompare(Window(Home).Property(LatestEpisode.6.EpisodeTitle),ListItem.Title) | StringCompare(Window(Home).Property(LatestEpisode.7.EpisodeTitle),ListItem.Title) | StringCompare(Window(Home).Property(LatestEpisode.8.EpisodeTitle),ListItem.Title) | StringCompare(Window(Home).Property(LatestEpisode.9.EpisodeTitle),ListItem.Title) | StringCompare(Window(Home).Property(LatestEpisode.10.EpisodeTitle),ListItem.Title)]]]] + [StringCompare(Skin.String(indicators),$LOCALIZE[31735]) | StringCompare(Skin.String(indicators),$LOCALIZE[31736]) | IsEmpty(Skin.String(indicators))]">indicator/new.png</value>
        <value condition="stringcompare(ListItem.Overlay,OverlayUnwatched.png) + [StringCompare(Skin.String(indicators),$LOCALIZE[31735]) | IsEmpty(Skin.String(indicators))] + !StringCompare(Skin.String(indicators),$LOCALIZE[31736])">indicator/unwatched.png</value>
    </variable>

<!-- Ajout variable -->    
    <variable name="Image_Indicator_Back">
        <value condition="ListItem.IsPlaying + [StringCompare(Skin.String(indicators),$LOCALIZE[31735]) | StringCompare(Skin.String(indicators),$LOCALIZE[31736]) | IsEmpty(Skin.String(indicators))]">indicator/back.png</value>
        <value condition="ListItem.IsResumable + [StringCompare(Skin.String(indicators),$LOCALIZE[31735]) | StringCompare(Skin.String(indicators),$LOCALIZE[31736]) | IsEmpty(Skin.String(indicators))]">indicator/back.png</value>
        <value condition="stringcompare(ListItem.Overlay,OverlayWatched.png) + [StringCompare(Skin.String(indicators),$LOCALIZE[31735]) | StringCompare(Skin.String(indicators),$LOCALIZE[31736]) | IsEmpty(Skin.String(indicators))]">indicator/back.png</value>
        <value condition="[SubString(ListItem.Overlay,OverlayUnwatched.png) + [[Container.Content(movies) + [StringCompare(Window(Home).Property(LatestMovie.1.Title),ListItem.Label) | StringCompare(Window(Home).Property(LatestMovie.2.Title),ListItem.Label) | StringCompare(Window(Home).Property(LatestMovie.3.Title),ListItem.Label) | StringCompare(Window(Home).Property(LatestMovie.4.Title),ListItem.Label) | StringCompare(Window(Home).Property(LatestMovie.5.Title),ListItem.Label) | StringCompare(Window(Home).Property(LatestMovie.6.Title),ListItem.Label) | StringCompare(Window(Home).Property(LatestMovie.7.Title),ListItem.Label) | StringCompare(Window(Home).Property(LatestMovie.8.Title),ListItem.Label) | StringCompare(Window(Home).Property(LatestMovie.9.Title),ListItem.Label) | StringCompare(Window(Home).Property(LatestMovie.10.Title),ListItem.Label)]] | [[Container.Content(tvshows)] + [StringCompare(Window(Home).Property(LatestEpisode.1.ShowTitle),ListItem.TvShowTitle) | StringCompare(Window(Home).Property(LatestEpisode.2.ShowTitle),ListItem.TvShowTitle) | StringCompare(Window(Home).Property(LatestEpisode.3.ShowTitle),ListItem.TvShowTitle) | StringCompare(Window(Home).Property(LatestEpisode.4.ShowTitle),ListItem.TvShowTitle) | StringCompare(Window(Home).Property(LatestEpisode.5.ShowTitle),ListItem.TvShowTitle) | StringCompare(Window(Home).Property(LatestEpisode.6.ShowTitle),ListItem.TvShowTitle) | StringCompare(Window(Home).Property(LatestEpisode.7.ShowTitle),ListItem.TvShowTitle) | StringCompare(Window(Home).Property(LatestEpisode.8.ShowTitle),ListItem.TvShowTitle) | StringCompare(Window(Home).Property(LatestEpisode.9.ShowTitle),ListItem.TvShowTitle) | StringCompare(Window(Home).Property(LatestEpisode.10.ShowTitle),ListItem.TvShowTitle)]] | [Container.Content(episodes) + [StringCompare(Window(Home).Property(LatestEpisode.1.EpisodeTitle),ListItem.Title) | StringCompare(Window(Home).Property(LatestEpisode.2.EpisodeTitle),ListItem.Title) | StringCompare(Window(Home).Property(LatestEpisode.3.EpisodeTitle),ListItem.Title) | StringCompare(Window(Home).Property(LatestEpisode.4.EpisodeTitle),ListItem.Title) | StringCompare(Window(Home).Property(LatestEpisode.5.EpisodeTitle),ListItem.Title) | StringCompare(Window(Home).Property(LatestEpisode.6.EpisodeTitle),ListItem.Title) | StringCompare(Window(Home).Property(LatestEpisode.7.EpisodeTitle),ListItem.Title) | StringCompare(Window(Home).Property(LatestEpisode.8.EpisodeTitle),ListItem.Title) | StringCompare(Window(Home).Property(LatestEpisode.9.EpisodeTitle),ListItem.Title) | StringCompare(Window(Home).Property(LatestEpisode.10.EpisodeTitle),ListItem.Title)]]]] + [StringCompare(Skin.String(indicators),$LOCALIZE[31735]) | StringCompare(Skin.String(indicators),$LOCALIZE[31736]) | IsEmpty(Skin.String(indicators))]">indicator/back.png</value>
        <value condition="stringcompare(ListItem.Overlay,OverlayUnwatched.png) + [StringCompare(Skin.String(indicators),$LOCALIZE[31735]) | IsEmpty(Skin.String(indicators))] + !StringCompare(Skin.String(indicators),$LOCALIZE[31736])">indicator/back.png</value>
    </variable>
    
    <variable name="Image_Indicator_9001">
        <value condition="Container(9001).ListItem.IsPlaying">indicator/play.png</value>
        <value condition="Container(9001).ListItem.IsResumable">indicator/inprogress.png</value>
        <value condition="stringcompare(Container(9001).ListItem.Overlay,OverlayWatched.png)">indicator/checkmark.png</value>
        <value condition="[SubString(Container(9001).ListItem.Overlay,OverlayUnwatched.png) + [[Container(9001).Content(movies) + [StringCompare(Window(Home).Property(LatestMovie.1.Title),Container(9001).ListItem.Label) | StringCompare(Window(Home).Property(LatestMovie.2.Title),Container(9001).ListItem.Label) | StringCompare(Window(Home).Property(LatestMovie.3.Title),Container(9001).ListItem.Label) | StringCompare(Window(Home).Property(LatestMovie.4.Title),Container(9001).ListItem.Label) | StringCompare(Window(Home).Property(LatestMovie.5.Title),Container(9001).ListItem.Label) | StringCompare(Window(Home).Property(LatestMovie.6.Title),Container(9001).ListItem.Label) | StringCompare(Window(Home).Property(LatestMovie.7.Title),Container(9001).ListItem.Label) | StringCompare(Window(Home).Property(LatestMovie.8.Title),Container(9001).ListItem.Label) | StringCompare(Window(Home).Property(LatestMovie.9.Title),Container(9001).ListItem.Label) | StringCompare(Window(Home).Property(LatestMovie.10.Title),Container(9001).ListItem.Label)]] | [[Container(9001).Content(tvshows)] + [StringCompare(Window(Home).Property(LatestEpisode.1.ShowTitle),Container(9001).ListItem.TvShowTitle) | StringCompare(Window(Home).Property(LatestEpisode.2.ShowTitle),Container(9001).ListItem.TvShowTitle) | StringCompare(Window(Home).Property(LatestEpisode.3.ShowTitle),Container(9001).ListItem.TvShowTitle) | StringCompare(Window(Home).Property(LatestEpisode.4.ShowTitle),Container(9001).ListItem.TvShowTitle) | StringCompare(Window(Home).Property(LatestEpisode.5.ShowTitle),Container(9001).ListItem.TvShowTitle) | StringCompare(Window(Home).Property(LatestEpisode.6.ShowTitle),Container(9001).ListItem.TvShowTitle) | StringCompare(Window(Home).Property(LatestEpisode.7.ShowTitle),Container(9001).ListItem.TvShowTitle) | StringCompare(Window(Home).Property(LatestEpisode.8.ShowTitle),Container(9001).ListItem.TvShowTitle) | StringCompare(Window(Home).Property(LatestEpisode.9.ShowTitle),Container(9001).ListItem.TvShowTitle) | StringCompare(Window(Home).Property(LatestEpisode.10.ShowTitle),Container(9001).ListItem.TvShowTitle)]] | [Container(9001).Content(episodes) + [StringCompare(Window(Home).Property(LatestEpisode.1.EpisodeTitle),Container(9001).ListItem.Title) | StringCompare(Window(Home).Property(LatestEpisode.2.EpisodeTitle),Container(9001).ListItem.Title) | StringCompare(Window(Home).Property(LatestEpisode.3.EpisodeTitle),Container(9001).ListItem.Title) | StringCompare(Window(Home).Property(LatestEpisode.4.EpisodeTitle),Container(9001).ListItem.Title) | StringCompare(Window(Home).Property(LatestEpisode.5.EpisodeTitle),Container(9001).ListItem.Title) | StringCompare(Window(Home).Property(LatestEpisode.6.EpisodeTitle),Container(9001).ListItem.Title) | StringCompare(Window(Home).Property(LatestEpisode.7.EpisodeTitle),Container(9001).ListItem.Title) | StringCompare(Window(Home).Property(LatestEpisode.8.EpisodeTitle),Container(9001).ListItem.Title) | StringCompare(Window(Home).Property(LatestEpisode.9.EpisodeTitle),Container(9001).ListItem.Title) | StringCompare(Window(Home).Property(LatestEpisode.10.EpisodeTitle),Container(9001).ListItem.Title)]]]]">indicator/new.png</value>
        <value condition="stringcompare(Container(9001).ListItem.Overlay,OverlayUnwatched.png)">indicator/unwatched.png</value>
    </variable>
    
    <variable name="Image_Indicator_Back_9001">
        <value condition="Container(9001).ListItem.IsPlaying">indicator/back.png</value>
        <value condition="Container(9001).ListItem.IsResumable">indicator/back.png</value>
        <value condition="stringcompare(Container(9001).ListItem.Overlay,OverlayWatched.png)">indicator/back.png</value>
        <value condition="[SubString(Container(9001).ListItem.Overlay,OverlayUnwatched.png) + [[Container(9001).Content(movies) + [StringCompare(Window(Home).Property(LatestMovie.1.Title),Container(9001).ListItem.Label) | StringCompare(Window(Home).Property(LatestMovie.2.Title),Container(9001).ListItem.Label) | StringCompare(Window(Home).Property(LatestMovie.3.Title),Container(9001).ListItem.Label) | StringCompare(Window(Home).Property(LatestMovie.4.Title),Container(9001).ListItem.Label) | StringCompare(Window(Home).Property(LatestMovie.5.Title),Container(9001).ListItem.Label) | StringCompare(Window(Home).Property(LatestMovie.6.Title),Container(9001).ListItem.Label) | StringCompare(Window(Home).Property(LatestMovie.7.Title),Container(9001).ListItem.Label) | StringCompare(Window(Home).Property(LatestMovie.8.Title),Container(9001).ListItem.Label) | StringCompare(Window(Home).Property(LatestMovie.9.Title),Container(9001).ListItem.Label) | StringCompare(Window(Home).Property(LatestMovie.10.Title),Container(9001).ListItem.Label)]] | [[Container(9001).Content(tvshows)] + [StringCompare(Window(Home).Property(LatestEpisode.1.ShowTitle),Container(9001).ListItem.TvShowTitle) | StringCompare(Window(Home).Property(LatestEpisode.2.ShowTitle),Container(9001).ListItem.TvShowTitle) | StringCompare(Window(Home).Property(LatestEpisode.3.ShowTitle),Container(9001).ListItem.TvShowTitle) | StringCompare(Window(Home).Property(LatestEpisode.4.ShowTitle),Container(9001).ListItem.TvShowTitle) | StringCompare(Window(Home).Property(LatestEpisode.5.ShowTitle),Container(9001).ListItem.TvShowTitle) | StringCompare(Window(Home).Property(LatestEpisode.6.ShowTitle),Container(9001).ListItem.TvShowTitle) | StringCompare(Window(Home).Property(LatestEpisode.7.ShowTitle),Container(9001).ListItem.TvShowTitle) | StringCompare(Window(Home).Property(LatestEpisode.8.ShowTitle),Container(9001).ListItem.TvShowTitle) | StringCompare(Window(Home).Property(LatestEpisode.9.ShowTitle),Container(9001).ListItem.TvShowTitle) | StringCompare(Window(Home).Property(LatestEpisode.10.ShowTitle),Container(9001).ListItem.TvShowTitle)]] | [Container(9001).Content(episodes) + [StringCompare(Window(Home).Property(LatestEpisode.1.EpisodeTitle),Container(9001).ListItem.Title) | StringCompare(Window(Home).Property(LatestEpisode.2.EpisodeTitle),Container(9001).ListItem.Title) | StringCompare(Window(Home).Property(LatestEpisode.3.EpisodeTitle),Container(9001).ListItem.Title) | StringCompare(Window(Home).Property(LatestEpisode.4.EpisodeTitle),Container(9001).ListItem.Title) | StringCompare(Window(Home).Property(LatestEpisode.5.EpisodeTitle),Container(9001).ListItem.Title) | StringCompare(Window(Home).Property(LatestEpisode.6.EpisodeTitle),Container(9001).ListItem.Title) | StringCompare(Window(Home).Property(LatestEpisode.7.EpisodeTitle),Container(9001).ListItem.Title) | StringCompare(Window(Home).Property(LatestEpisode.8.EpisodeTitle),Container(9001).ListItem.Title) | StringCompare(Window(Home).Property(LatestEpisode.9.EpisodeTitle),Container(9001).ListItem.Title) | StringCompare(Window(Home).Property(LatestEpisode.10.EpisodeTitle),Container(9001).ListItem.Title)]]]]">indicator/back.png</value>       
        <value condition="stringcompare(Container(9001).ListItem.Overlay,OverlayUnwatched.png)">indicator/back.png</value>
    </variable>
        
</includes>