<?xml version="1.0" encoding="UTF-8"?>
<window>
    <backgroundcolor>Background</backgroundcolor>
    <menucontrol>9000</menucontrol>
    <defaultcontrol always="true">50</defaultcontrol>
<!-- Modification Views -->    
    <views>50,57,507,,58,500</views>
    <onunload>SetProperty(NodeReturn,programs,home)</onunload>
    <onunload>SetProperty(HubReturn,$INFO[Container.FolderPath],home)</onunload>
    <controls>
        <!-- Background -->
        <include>Furniture_Background</include>
        <include>Furniture_RSS</include>
        <include>Furniture_TopBar</include>
        

        <!-- Main group -->
        <control type="group">
            <include>Animation_Common</include>
            <include>Viewtype_SquareList</include>
            <include>Viewtype_BigList</include>
            <include>Viewtype_PanelList</include>
            <include>Viewtype_Thumbs</include>
<!-- Add Include -->               
            <include>Viewtype_Posters_List2</include>              
        </control>


        <!-- Menu -->
        <control type="group">
            <visible allowhiddenfocus="true">ControlGroup(9000).HasFocus()</visible>
            <include>Dialog_Top</include>
            <include>Dialog_Background</include>
            <include name="Dialog_Top_IconHeader">
                <param name="label" value="$LOCALIZE[31068]" />
                <param name="icon" value="special://skin/extras/icons/settings.png" />
            </include>
            <include name="Dialog_Top_Arrows">
                <param name="id" value="9000" />
            </include>

            <control type="grouplist" id="9000">
                <include>Dialog_Top_GroupList</include>
                <defaultcontrol always="true">3</defaultcontrol>
                <include>Object_BasicViewList</include>
            </control>
        </control>
    </controls>

</window>