<?xml version="1.0" encoding="UTF-8"?>
<window>
	<defaultcontrol always="true">9000</defaultcontrol>
	<controls>
	<include>GlobalOverlay</include>
    	<control type="group">
            <include>Animation_SlideIn</include>
            <include>Animation_FadeOut</include>
            <centerleft>50%</centerleft>
            <centertop>50%</centertop>
            <width>1382</width>
	   <height>780</height>
            <include>Dialog_Background</include>
            <include name="Dialog_Top_IconColorPicker">
                <param name="label" value="$ADDON[script.skin.helper.service 32011]" />
                <param name="icon" value="special://skin/extras/icons/paintbrush.png" />
            </include>
            
            <control type="group">
            <include>Animation_FadeIn</include>
            <include>Animation_FadeOut</include>
            <control type="image">
                <posy>84</posy>
                <centerleft>50%</centerleft>
                <width>16</width>
                <height>16</height>
                <texture flipy="true" colordiffuse="ListLabel">common/16-arrow-down.png</texture>
                <visible>Container(3110).HasPrevious</visible>
            </control>
            <control type="image">
                <posy>640</posy>
                <centerleft>50%</centerleft>
                <width>16</width>
                <height>16</height>
                <texture flipy="false" colordiffuse="ListLabel">common/16-arrow-down.png</texture>
                <visible>Container(3110).HasNext</visible>
            </control>
        </control>
            
        <control type="button" id="3030">
            <width>480</width>
            <height>68</height>
            <right>65</right>
            <posy>18</posy>
            <align>center</align>
            <ondown>3110</ondown>
            <label>$ADDON[script.skin.helper.service 32141] : $INFO[Window.Property(palettename)]</label>
            <include>Defs_OptionButton</include>
            <visible>!IsEmpty(Window.Property(palettename))</visible>
        </control>

			<control type="panel" id="3110">
				<posx>61</posx>
				<posy>100</posy>
				<width>1260</width>
				<height>540</height>
				<orientation>vertical</orientation>
				<onleft>9000</onleft>
				<onright>9000</onright>
				<onup>3030</onup>
				<ondown>9000</ondown>
				<preloaditems>4</preloaditems>
				<itemlayout height="60" width="90">
					<control type="image">
						<posx>4</posx>
						<posy>4</posy>
						<width>82</width>
						<height>52</height>
						<texture>$INFO[ListItem.Icon]</texture>
					</control>				
				</itemlayout>
				<focusedlayout height="60" width="90">
					<control type="group">
						<animation effect="zoom" time="300" tween="sine" easing="inout" start="100" end="164" center="auto">Focus</animation>
						<control type="image">
							<width>90</width>
							<height>60</height>
							<texture colordiffuse="ColorPicker" border="5">common/white.png</texture>
						</control>
						<control type="image">
							<posx>4</posx>
							<posy>4</posy>
							<width>82</width>
							<height>52</height>
							<texture>$INFO[ListItem.Icon]</texture>
						</control>
					</control>
				</focusedlayout>
			</control>			
						
			<control type="grouplist" id="9000">
				<orientation>horizontal</orientation>
				<itemgap>20</itemgap>
				<left>65</left>
				<top>673</top>
				<width>1302</width>
				<onleft>9000</onleft>
                			<onright>9000</onright>
                			<onup>3110</onup>
                			<orientation>horizontal</orientation>
				<!-- edit manual -->
				<control type="button" id="3010">
					<align>left</align>
					<label>$LOCALIZE[31640] :</label>
					<label2>$INFO[Window.Property(colorstring)]</label2>
			                   <width>285</width>
			                   <height>68</height>
			                   <include>Defs_OptionButton</include>
				</control>
				
				<!-- Save button -->
				<control type="button" id="3012">
					<label>190</label>
			        		<width>205</width>
			        		<height>68</height>
			        		<align>center</align>
			       		<include>Defs_OptionButton</include>
				</control>
				
				<!-- Cancel -->
				<control type="button" id="3090">
					<onclick>Close</onclick>
					<label>222</label>
			        		<width>205</width>
			        		<height>68</height>
			        		<align>center</align>
			        		<include>Defs_OptionButton</include>
				</control>

				<!-- None -->
				<control type="button" id="3011">
					<visible>False</visible>
					<include>Defs_OptionButton</include>
				</control>
				
				<control type="group" id="3020">
					<width>410</width>
					<height>68</height>
					<control type="label" id="3016">
						<!-- label opacity-->
						<font>Font-ListInfo-Small</font>
						<width>130</width>
						<left>0</left>
						<align>left</align>
						<label>$ADDON[script.skin.helper.service 32049] :</label>
					</control>
					<control type="slider" id="3015">
						<!-- opacity slider -->
						<top>27</top>
						<left>130</left>
						<height>20</height>
						<onup>3090</onup>
						<ondown>3090</ondown>
						<width>200</width>
						<colordiffuse>ListLabel</colordiffuse>
					</control>
					
					<control type="label" id="3017">
						<!-- opacity percentage -->
						<font>Font-ListInfo-Small</font>
						<width>80</width>
						<height>68</height>
						<right>0</right>
						<align>right</align>
						<label>$INFO[Control.Getlabel(3015)]</label>
					</control>						
				</control>
				
				<!-- color preview-->
				<control type="group">
			          	<top>673</top>
			          	<left>61</left>
			          <control type="image">
                        			<width>68</width>
                        			<height>68</height>
                        			<texture colordiffuse="PosterBorder">common/white.png</texture>
                    		</control>
				<control type="image">
				          <top>10</top>
				          <left>10</left>
					<width>48</width>
					<height>48</height>
					<texture colordiffuse="$INFO[Window.Property(colorstring)]">common/white.png</texture>
				</control>
				</control>
			</control>			
		</control>		
	</controls>
</window>
