<colors>
    <color name="Background">ffdfdfdf</color>
    <color name="FanartFade">e2ffffff</color>
    <color name="HomeBarBG">ffdfdfdf</color>
    <color name="HomeBarFG">ff333333</color>
    <color name="HomeBarTile">3e555555</color>
    <color name="HomeWidgetBG">ffdfdfdf</color>
    <color name="HomeSubLabel2">bf181818</color>
    <color name="DialogBG">ffdfdfdf</color>
    <color name="Highlight">ff287ba8</color>
    <color name="Highlight2">ffe55e35</color>
    <color name="Selected">fff0f0f0</color>
    <color name="MainLabel">FF333333</color>
    <color name="SubLabel">BF333333</color>
    <color name="LineLabel">9F181818</color>
    <color name="SideArrow">5F181818</color>
    <color name="PosterBorder">3e555555</color>
    <color name="ListLabel">bf181818</color>
    <color name="Disabled">2f181818</color>
<!-- Ajout Color -->    
    <color name="Indicator">ff555555</color>   
    <color name="IndicatorBack">ffffffff</color>
    <color name="ColorPicker">ffbdbdbd</color> 
</colors>