<?xml version="1.0" encoding="UTF-8" standalone="yes"?>
<addon id="repository.aresproject" name="[COLOR blue]A[/COLOR][COLOR white]res Project[/COLOR]" version="0.0.5" provider-name="Ares Team">
	<extension point="xbmc.addon.repository" name="Simple Kodi">
		<info compressed="false">http://repo.ares-project.com/plugins/addons.xml</info>
		<checksum>http://repo.ares-project.com/plugins/addons.xml.md5</checksum>
		<datadir zip="true">http://repo.ares-project.com/plugins/</datadir>
	</extension>
	<extension point="xbmc.addon.metadata">
		<summary>AresProject.</summary>
		<description>Ares-Project Addons Source. Visit Us At https://ares-project.uk</description>
		<platform>all</platform>
	</extension>
</addon>

