<?xml version="1.0" encoding="UTF-8" standalone="yes"?>
<addon id="plugin.video.YouMusic" name="YouMusic" version="1.0.1" provider-name="spanky">
  <requires>
    <import addon="xbmc.python" version="2.1.0"/>
    <import addon="plugin.video.youtube"/>
  </requires>
  <extension point="xbmc.python.pluginsource" library="addon.py">
    <provides>video</provides>
  </extension>
  <extension point="xbmc.addon.metadata">
    <language>en</language>
    <summary lang="en">Watch All The Best Music Videos On YouTube. </summary>
    <description lang="en">Watch All The Best Music Videos From YouTube With YouMusic.
	</description>
    <disclaimer lang="en">[COLOR blue]Please Visit TvAddons.ag For Support[/COLOR]</disclaimer>
    <platform>all</platform>
  </extension>
</addon>
