<?xml version="1.0" encoding="UTF-8"?>
<window type="dialog" id="1118">
  <defaultcontrol always="true">9000</defaultcontrol>
  <include>DialogOpenClose</include>
  <controls>
    <control type="group" description="choiceAddons">
      <include>DialogOpenCloseVisible</include>
      <control type="image" description="List back">
        <centerleft>960</centerleft>
        <centertop>540</centertop>
        <width>802</width>
        <height>600</height>
        <aspectratio>stretch</aspectratio>
        <texture border="50">images/ContextMenu.png</texture>
      </control>
      <control type="grouplist" id="9000">
        <top>345</top>
        <height>400</height>
        <include>DialogGLs</include>
        <control type="button" id="699">
          <include>DialogButt</include>
          <label>1037</label>
          <onclick>Close</onclick>
          <onclick>ActivateWindow(Videos,Addons)</onclick>
        </control>
        <control type="button" id="700">
          <include>DialogButt</include>
          <label>1038</label>
          <onclick>Close</onclick>
          <onclick>ActivateWindow(Music,Addons)</onclick>
        </control>
        <control type="button" id="703">
          <include>DialogButt</include>
          <label>0</label>
          <onclick>Close</onclick>
          <onclick>ActivateWindow(Programs,Addons)</onclick>
        </control>
        <control type="button" id="701">
          <include>DialogButt</include>
          <label>31037</label>
          <onclick>Close</onclick>
          <onclick>ActivateWindow(AddonBrowser,root)</onclick>
        </control>

      </control>
    </control>
  </controls>
</window>
