<?xml version="1.0" encoding="UTF-8"?>
<window id="106">
  <defaultcontrol always="true">996</defaultcontrol>
  <allowoverlay>no</allowoverlay>
  <include>DialogOpenClose</include>
  <coordinates>
    <system>1</system>
    <origin x="0" y="50" />
  </coordinates>
  <controls>
    <control type="image" id="999" description="Background image">
      <centerleft>960</centerleft>
      <height>1080</height>
      <width>620</width>
      <texture border="50">images/ContextMenu.png</texture>
    </control>
    <control type="grouplist" id="996" description="Context menu container">
      <centerleft>960</centerleft>
      <centertop>540</centertop>
      <width>480</width>
      <height>960</height>
      <itemgap>10</itemgap>
	  <control type="button" id="1500">
	  <visible>System.HasAddon(script.cinema.experience) + Container.Content(Movies)</visible>
      <width>480</width>
      <height>60</height>
	<label>31061</label>
	<onclick>XBMC.RunScript(script.cinema.experience)</onclick>
	</control>
	<control type="button" id="6500">
		<width>480</width>
		<height>60</height>
		<label>Addon Settings</label>
		<onclick>Addon.OpenSettings($INFO[Container.PluginName])</onclick>
		<visible>!String.IsEmpty(Container.PluginName)</visible>
	</control>
    </control>

    <control type="button" id="1000" description="Buttons">
     
      <width>480</width>
      <height>60</height>
    </control>
  </controls>
</window>
