<?xml version="1.0" encoding="UTF-8"?>
<window>
  <defaultcontrol always="true">-</defaultcontrol>
  <allowoverlay>yes</allowoverlay>
  <onload condition="system.hasaddon(script.artistslideshow)">RunScript(script.artistslideshow)</onload>
  <controls>
    <control type="group">
      <control type="visualisation" id="2" description="Visualisation">
        <left>0</left>
        <top>0</top>
        <width>1920</width>
        <height>1080</height>
      </control>
      <control type="progress" id="23" description="Progress Bar">
        <visible>true</visible>
        <left>84</left>
        <top>-750</top>
        <width>747</width>
        <info>Player.Progress</info>
        <visible>true</visible>
      </control>
      <control type="multiimage" description="Slideshow">
        <visible>Skin.HasSetting(MusicPlayingFanart) + !IsEmpty(Window(Visualisation).Property(ArtistSlideshow))</visible>
        <include>Dimensions_Fullscreen</include>
        <fadetime>400</fadetime>
        <imagepath background="true">$INFO[Window(Visualisation).Property(ArtistSlideshow)]</imagepath>
        <aspectratio aligny="top">scale</aspectratio>
        <timeperimage>14000</timeperimage>
        <fadetime>10000</fadetime>
        <randomize>true</randomize>
        <animation effect="fade" start="0" end="70" time="300">Visible</animation>
        <animation effect="fade" start="70" end="0" time="200">Hidden</animation>
        <animation type="Conditional" condition="true">
          <effect type="fade" start="0" end="70" time="0" reversible="false" />
        </animation>
      </control>
      <control type="image" description="Fanart only">
        <visible>Skin.HasSetting(MusicPlayingFanart) + IsEmpty(Window(Visualisation).Property(ArtistSlideshow))</visible>
        <include>Dimensions_Fullscreen</include>
        <fadetime>400</fadetime>
        <aspectratio>scale</aspectratio>
        <texture background="true">$INFO[MusicPlayer.Property(Fanart_Image)]</texture>
        <animation effect="fade" start="0" end="70" time="300">Visible</animation>
        <animation effect="fade" start="70" end="0" time="200">Hidden</animation>
        <animation type="Conditional" condition="true">
          <effect type="fade" start="0" end="70" time="0" reversible="false" />
        </animation>
      </control>
      <control type="group" description="INFO grouped">
        <visible>[Player.ShowInfo | Window.IsActive(MusicOSD) | !Visualisation.Enabled] + ![Window.IsVisible(AddonSettings) | Window.IsVisible(SelectDialog) | Window.IsVisible(VisualisationPresetList)]</visible>
        <animation effect="fade" time="500">Visible</animation>
        <animation effect="fade" time="200">Hidden</animation>
        <control type="group" description="Info panel LEFT">
          <top>30</top>
          <animation type="Conditional" condition="!IntegerGreaterThan(Control.GetLabel(23),0)" reversible="false">
            <effect type="zoom" tween="quadratic" start="0" end="100" time="800" center="640,360" />
            <effect type="fade" start="0" end="100" time="800" center="640,360" />
          </animation>
          <animation type="Conditional" condition="StringCompare(Control.GetLabel(23),100)" reversible="false">
            <effect type="zoom" tween="quadratic" easing="in" start="100" end="260" time="300" center="640,360" />
            <effect type="fade" start="100" end="0" easing="out" time="300" />
          </animation>
          <animation type="Conditional" condition="IntegerGreaterThan(Control.GetLabel(23),30) + !IntegerGreaterThan(Control.GetLabel(23),60)" reversible="false">
            <effect type="rotatey" tween="quadratic" start="0" end="180" time="1000" center="960,540" />
            <effect type="fade" start="100" end="0" time="400" center="640,360" />
          </animation>
          <animation type="Conditional" condition="![IntegerGreaterThan(Control.GetLabel(23),30) + !IntegerGreaterThan(Control.GetLabel(23),60)]" reversible="false">
            <effect type="rotatey" tween="quadratic" start="180" end="0" time="1000" center="960,540" />
            <effect type="fade" start="0" end="100" delay="300" time="700" center="640,360" />
          </animation>
          <control type="group" description="Music Cover group">
<!--             <camera x="450" y="540" />
            <animation effect="rotatey" start="0" end="-20" center="450,0" time="0" reversible="false" condition="true">Conditional</animation>
 -->            <top>225</top>
            <left>25</left>
            <control type="image" description="Record">
              <left>298</left>
              <top>0</top>
              <height>600</height>
              <width>600</width>
              <fadetime>300</fadetime>
              <aspectratio aligny="bottom">stretch</aspectratio>
              <!-- <texture flipy="true">images/record.png</texture> -->
            </control>
            <control type="image" description="MusicAlbum">
              <left>350</left>
              <top>300</top>
              <height>300</height>
              <width>300</width>
              <fadetime>300</fadetime>
             <!--  <aspectratio aligny="bottom">stretch</aspectratio> -->
              <texture diffuse="images/Diffuse.png">$INFO[MusicPlayer.Cover]</texture>
            </control>
          </control>
          <control type="group" description="Main Labels">
            <left>739</left>
            <control type="image" description="Info BG">
              <left>-35</left>
              <top>515</top>
              <width>1000</width>
              <height>300</height>
              <fadetime>400</fadetime>
              <aspectratio>stretch</aspectratio>
              <!-- <texture border="50">MusicOSD/Back.png</texture> -->
              <animation effect="fade" time="300">Visible</animation>
              <animation effect="fade" time="200">Hidden</animation>
            </control>
            <control type="label" description="Title label">
              <left>0</left>
              <top>525</top>
              <width>900</width>
              <scroll>true</scroll>
              <align>left</align>
              <font>size42B</font>
              <textcolor>White2</textcolor>
              <shadowcolor>Black</shadowcolor>
              <animation effect="fade" time="200">VisibleChange</animation>
              <label>$INFO[MusicPlayer.Title]</label>
            </control>
            <control type="label" description="Artist">
              <left>0</left>
              <top>585</top>
              <width>900</width>
              <label>$INFO[MusicPlayer.Artist]</label>
              <scroll>true</scroll>
              <align>left</align>
              <font>size38</font>
              <textcolor>Grey3</textcolor>
            </control>
            <control type="label" description="Album">
              <top>636</top>
              <width>900</width>
              <label>$INFO[MusicPlayer.Album]</label>
              <align>left</align>
              <font>size38</font>
              <textcolor>Grey3</textcolor>
            </control>
            <control type="label" description="Track position">
              <left>0</left>
              <top>690</top>
              <width>900</width>
              <align>left</align>
              <textcolor>Grey</textcolor>
              <animation effect="fade" time="200">VisibleChange</animation>
              <label>[B]$INFO[MusicPlayer.PlaylistPosition] $LOCALIZE[20163] $INFO[MusicPlayer.PlaylistLength][/B]</label>
              <font>size26</font>
            </control>
            <control type="group">
              <top>756</top>
              <control type="label">
                <left>0</left>
                <top>0</top>
                <height>30</height>
                <width>123</width>
                <align>left</align>
                <label>[B]$INFO[Player.Time][/B]</label>
                <font>size26</font>
                <textcolor>Grey2</textcolor>
              </control>
              <control type="progress" description="Progress Bar">
                <left>122</left>
                <top>11</top>
                <width>675</width>
                <height>13</height>
                <texturebg border="6,6,6,6">MusicOSD/ProgressBG.png</texturebg>
                <midtexture border="6,0,6,0">MusicOSD/ProgressM.png</midtexture>
                <righttexture border="0,6,0,6">MusicOSD/ProgressR.png</righttexture>
                <lefttexture border="0,6,0,6">MusicOSD/ProgressL.png</lefttexture>
                <overlaytexture>-</overlaytexture>
                <info>Player.Progress</info>
                <visible>true</visible>
              </control>
              <control type="label">
                <left>807</left>
                <top>0</top>
                <height>30</height>
                <width>123</width>
                <align>right</align>
                <label>[B]$INFO[Player.TimeRemaining,-][/B]</label>
                <font>size26</font>
                <textcolor>Grey2</textcolor>
              </control>
              <control type="label">
                <left>777</left>
                <top>45</top>
                <height>30</height>
                <width>135</width>
                <align>left</align>
                <label>$INFO[Control.GetLabel(23)]</label>
                <font>size26</font>
                <textcolor>Red</textcolor>
                <visible>Skin.HasSetting(DebugInfo)</visible>
              </control>
            </control>
          </control>
        </control>
      </control>
    </control>
    <control type="group" id="0">
      <left>0</left>
      <top>0</top>
      <visible>Player.ShowCodec</visible>
      <animation effect="fade" time="200">VisibleChange</animation>
      <control type="image" description="Info Background">
        <left>0</left>
        <top>0</top>
        <width>1920</width>
        <height>60</height>
        <texture>images/BlackST.png</texture>
      </control>
      <control type="label" description="row 1 sys label">
        <left>45</left>
        <top>0</top>
        <width>1770</width>
        <height>60</height>
        <align>left</align>
        <aligny>center</aligny>
        <font>size26</font>
        <label>[UPPERCASE]$INFO[musicplayer.Codec][/UPPERCASE] $INFO[musicplayer.Bitrate, @ ,kbps]$INFO[musicplayer.bitspersample, · ,bit]$INFO[musicplayer.Samplerate, · ,kHz]$INFO[musicplayer.Channels, · , $LOCALIZE[21444]]</label>
      </control>
      <control type="label" description="row 2 sys label">
        <left>1875</left>
        <top>0</top>
        <width>1770</width>
        <height>60</height>
        <align>right</align>
        <aligny>center</aligny>
        <font>size26</font>
        <label>$INFO[Visualisation.Preset,, @ ]$INFO[Visualisation.Name]</label>
      </control>
    </control>	
    <control type="group">
      <top>40</top>
      <visible>IntegerGreaterThan(Control.GetLabel(23),95) | !IntegerGreaterThan(Control.GetLabel(23),5)</visible>
      <animation effect="fade" start="0" end="100" time="1000" tween="Elastic" easing="inout">VisibleChange</animation>
      <control type="group">
        <left>40</left>
        <control type="label" description="Previous">
          <height>36</height>
          <width>750</width>
          <label>$LOCALIZE[210]</label>
          <font>size22</font>
          <textcolor>textcolor2</textcolor>
          <shadowcolor>Black</shadowcolor>
        </control>
        <control type="label" description="Previous">
          <left>30</left>
          <top>34</top>
          <height>36</height>
          <width>750</width>
          <label>$INFO[MusicPlayer.offset(-1).Title]</label>
          <font>size33</font>
          <textcolor>textcolor2</textcolor>
          <!--shadowcolor>Black</shadowcolor-->
        </control>
      </control>	  
      <control type="group">
        <left>1130</left>
        <control type="label" description="Next">
          <height>36</height>
          <width>750</width>
          <align>right</align>
          <label>$LOCALIZE[209]</label>
          <font>size22</font>
          <textcolor>textcolor2</textcolor>
          <!--shadowcolor>Black</shadowcolor-->
        </control>
        <control type="label" description="Next">
          <left>70r</left>
          <top>34</top>
          <height>36</height>
          <width>750</width>
          <align>right</align>
          <label>$INFO[MusicPlayer.offset(1).Title]</label>
          <font>size33</font>
          <textcolor>textcolor2</textcolor>
          <!--shadowcolor>Black</shadowcolor-->
        </control>
      </control>	  
    </control>
  </controls>
</window>
