<?xml version="1.0" encoding="UTF-8"?>
<window>
    <defaultcontrol>9</defaultcontrol>
    <controls>
        <include>GlobalOverlay</include>
        <control type="group">
            <top>110</top>
            <bottom>44</bottom>
            <left>320</left>
            <right>320</right>
            <include>Animation_SlideIn</include>
            <include>Animation_FadeOut</include>
            <animation effect="slide" tween="quadratic" easing="out" time="300" start="0,1920" end="0">WindowOpen</animation>
            <animation effect="slide" tween="quadratic" easing="in" time="300" end="0,1920" start="0">WindowClose</animation>
            <include>Dialog_Background</include>
            <control type="group">
                <top>70</top>
                <left>bigpad</left>
                <right>bigpad</right>
                <height>height</height>
                <include name="Object_Line">
                    <param name="width" value="1230" />
                    <param name="label" value="19133" />
                </include>
                <control type="edit" id="9">
                    <width>100%</width>
                    <onup>noop</onup>
                    <ondown>9000</ondown>
                    <onleft>noop</onleft>
                    <onright>noop</onright>
                    <include>Defs_OptionButton2</include>
                </control>
                <control type="label">
                    <top>70</top>
                    <width>100%</width>
                    <height>90</height>
                    <wrapmultiline>true</wrapmultiline>
                    <font>Font-ListInfo-Small</font>
                    <align>center</align>
                    <label>$LOCALIZE[19001][CR]$LOCALIZE[19002]</label>
                </control>
            </control>
            <control type="group">
                <top>238</top>
                <left>bigpad</left>
                <right>bigpad</right>
                <height>576</height>
                <control type="group">
                    <left>0</left>
                    <width>610</width>
                    <include>Object_Background</include>
                </control>
                <control type="grouplist" id="9000">
                    <left>0</left>
                    <width>610</width>
                    <height>100%</height>
                    <itemgap>0</itemgap>
                    <onup>9</onup>
                    <ondown>8000</ondown>
                    <orientation>vertical</orientation>
                    <!-- Include Description -->
                    <control type="radiobutton" id="10">
                        <radioposx>560</radioposx>
                        <width>100%</width>
                        <include>Defs_OptionButton</include>
                        <onright>12</onright>
                        <label>19134</label>
                    </control>

                    <!-- Case Sensitive -->
                    <control type="radiobutton" id="11">
                        <radioposx>560</radioposx>
                        <width>100%</width>
                        <include>Defs_OptionButton</include>
                        <onright>13</onright>
                        <label>19135</label>
                    </control>

                    <!-- Start Date -->
                    <control type="edit" id="14">
                        <width>100%</width>
                        <include>Defs_OptionButton</include>
                        <onright>16</onright>
                        <textoffsetx>20</textoffsetx>
                        <textwidth>570</textwidth>
                        <label>19128</label>
                    </control>

                    <!-- Stop Date -->
                    <control type="edit" id="15">
                        <width>100%</width>
                        <include>Defs_OptionButton</include>
                        <onright>17</onright>
                        <textoffsetx>20</textoffsetx>
                        <textwidth>570</textwidth>
                        <label>19129</label>
                    </control>

                    <!-- Genre -->
                    <control type="spincontrolex" id="18">
                        <width>100%</width>
                        <include>Defs_OptionButton</include>
                        <onright>19</onright>
                        <label>515</label>
                    </control>

                    <!-- Include unknown Genres -->
                    <control type="radiobutton" id="20">
                        <radioposx>560</radioposx>
                        <width>100%</width>
                        <include>Defs_OptionButton</include>
                        <onright>21</onright>
                        <label>19132</label>
                    </control>

                    <!-- FTA only -->
                    <control type="radiobutton" id="22">
                        <radioposx>560</radioposx>
                        <width>100%</width>
                        <include>Defs_OptionButton</include>
                        <onright>23</onright>
                        <label>19123</label>
                    </control>

                    <!-- Ignore Timers -->
                    <control type="radiobutton" id="24">
                        <radioposx>560</radioposx>
                        <width>100%</width>
                        <include>Defs_OptionButton</include>
                        <onright>27</onright>
                        <label>19124</label>
                    </control>
                </control>
                <control type="group">
                    <right>0</right>
                    <width>610</width>
                    <include>Object_Background</include>
                </control>
                <control type="grouplist" id="9100">
                    <right>0</right>
                    <width>610</width>
                    <height>100%</height>
                    <itemgap>0</itemgap>
                    <onup>9</onup>
                    <ondown>8000</ondown>
                    <orientation>vertical</orientation>
                    <!-- Min Duration -->
                    <control type="spincontrolex" id="12">
                        <width>610</width>
                        <include>Defs_OptionButton</include>
                        <onleft>10</onleft>
                        <label>19130</label>
                    </control>

                    <!-- Max Duration -->
                    <control type="spincontrolex" id="13">
                        <width>610</width>
                        <include>Defs_OptionButton</include>
                        <onleft>11</onleft>
                        <label>19131</label>
                    </control>

                    <!-- Start time -->
                    <control type="edit" id="16">
                        <width>610</width>
                        <include>Defs_OptionButton</include>
                        <onleft>14</onleft>
                        <textoffsetx>20</textoffsetx>
                        <textwidth>570</textwidth>
                        <label>19126</label>
                    </control>

                    <!-- Stop time -->
                    <control type="edit" id="17">
                        <width>610</width>
                        <include>Defs_OptionButton</include>
                        <onleft>15</onleft>
                        <textoffsetx>20</textoffsetx>
                        <textwidth>570</textwidth>
                        <label>19127</label>
                    </control>

                    <!-- Avoid repeats -->
                    <control type="radiobutton" id="19">
                        <width>610</width>
                        <include>Defs_OptionButton</include>
                        <onleft>18</onleft>
                        <label>19121</label>
                    </control>

                    <!-- Groups -->
                    <control type="spincontrolex" id="21">
                        <radioposx>560</radioposx>
                        <width>610</width>
                        <include>Defs_OptionButton</include>
                        <onleft>20</onleft>
                        <label>19141</label>
                    </control>

                    <!-- Channels -->
                    <control type="spincontrolex" id="23">
                        <width>610</width>
                        <include>Defs_OptionButton</include>
                        <onleft>22</onleft>
                        <label>19148</label>
                    </control>

                    <!-- Ignore Recordings -->
                    <control type="radiobutton" id="27">
                        <radioposx>560</radioposx>
                        <width>610</width>
                        <include>Defs_OptionButton</include>
                        <onleft>24</onleft>
                        <label>19125</label>
                    </control>
                </control> 
            </control>
            <control type="grouplist" id="8000">
                <centerleft>50%</centerleft>
                <width>1240</width>
                <bottom>bigpad</bottom>
                <height>69</height>
                <align>center</align>
                <itemgap>20</itemgap>
                <orientation>horizontal</orientation>
                <!-- Search -->
                <control type="button" id="26">
                    <onup>24</onup>
                    <align>center</align>
                    <width>400</width>
                    <label>137</label>
                    <include>Defs_OptionButton2</include>
                </control>
                <!-- Cancel -->
                <control type="button" id="25">
                    <onup>24</onup>
                    <align>center</align>
                    <width>400</width>
                    <label>222</label>
                    <include>Defs_OptionButton2</include>
                </control>
                <!-- Defaults -->
                <control type="button" id="28">
                    <onup>27</onup>
                    <align>center</align>
                    <width>400</width>
                    <label>10035</label>
                    <include>Defs_OptionButton2</include>
                </control>
            </control>
        </control>
    </controls>
</window>