<?xml version="1.0" encoding="UTF-8"?>
<window>
    <defaultcontrol always="true">10</defaultcontrol>
    <controls>

        <control type="group">
            <top>dialogtop</top>
            <bottom>60</bottom>
            <left>sidepad</left>
            <right>sidepad</right>
            <include>Animation_SlideIn</include>
            <include>Animation_FadeOut</include>
            <animation effect="slide" tween="quadratic" easing="out" time="300" start="0,1920" end="0">WindowOpen</animation>
            <animation effect="slide" tween="quadratic" easing="in" time="300" end="0,1920" start="0">WindowClose</animation>
            <include>Dialog_Background</include>
            <control type="group">
                <top>70</top>
                <left>bigpad</left>
                <right>bigpad</right>
                <bottom>bigpad</bottom>
                <control type="group">
                    <top>144</top>
                    <include name="Object_Line">
                        <param name="width" value="headlinew" />
                        <param name="label" value="$LOCALIZE[1021]" />
                    </include>
                    <include name="Dialog_BasicList">
                        <param name="width" value="1402" />
                        <param name="height" value="576" />
                        <param name="id" value="10" />
                        <param name="onright" value="11" />
                        <param name="onup" value="12" />
                        <param name="onleft" value="" />
                        <param name="ontop" value="" />
                    </include>
                    <control type="grouplist" id="9000">
                        <left>1422</left>
                        <right>0</right>
                        <onleft>10</onleft>
                        <itemgap>bigpad</itemgap>
                        <onup>12</onup>
                        <control type="button" id="11">
                            <align>center</align>
                            <width>100%</width>
                            <label>1024</label>
                            <include>Defs_OptionButton2</include>
                            <visible>Control.IsEnabled(11)</visible>
                        </control>
                        <control type="button" id="13">
                            <align>center</align>
                            <width>100%</width>
                            <label>1026</label>
                            <include>Defs_OptionButton2</include>
                            <visible>Control.IsEnabled(13)</visible>
                        </control>
                        <control type="button" id="14">
                            <align>center</align>
                            <width>100%</width>
                            <label>522</label>
                            <include>Defs_OptionButton2</include>
                            <visible>Control.IsEnabled(14)</visible>
                        </control>
                        <control type="button" id="18">
                            <align>center</align>
                            <width>100%</width>
                            <label>186</label>
                            <include>Defs_OptionButton2</include>
                            <visible>Control.IsEnabled(18)</visible>
                        </control>
                        <control type="button" id="19">
                            <align>center</align>
                            <width>100%</width>
                            <label>222</label>
                            <include>Defs_OptionButton2</include>
                            <visible>Control.IsEnabled(19)</visible>
                        </control>
                    </control>
                </control>
                <control type="group">
                    <top>0</top>
                    <height>72</height>
                    <include name="Object_Line">
                        <param name="width" value="headlinew" />
                        <param name="label" value="$LOCALIZE[1022]" />
                    </include>
                    <control type="edit" id="12">
                        <bottom>0</bottom>
                        <align>center</align>
                        <width>100%</width>
                        <onup>noop</onup>
                        <ondown>10</ondown>
                        <include>Defs_OptionButton2</include>
                    </control>
                </control>
            </control>
        </control>

        <!-- Hidden Controls -->
        <control type="label" id="2"><visible>false</visible></control>

    </controls>

</window>
