<?xml version="1.0" encoding="UTF-8"?>
<window>
    <defaultcontrol always="true">450</defaultcontrol>
    <controls>
        <include>GlobalOverlay</include>
        <control type="group">
            <include>Animation_SlideIn</include>
            <include>Animation_FadeOut</include>
            <centerleft>50%</centerleft>
            <width>favdialogw</width>
            <bottom>80</bottom>
            <height>532</height>
            <include>Dialog_Background</include>
            <include name="Dialog_Top_IconHeader">
                <param name="label" value="$LOCALIZE[1036]" />
                <param name="icon" value="special://skin/extras/icons/favourites.png" />
            </include>
            <control type="group">
                <left>bigpad</left>
                <bottom>bigpad</bottom>
                <width>432</width>
                <height>432</height>
                <include>Object_Background</include>
                <control type="image">
                    <aspectratio>keep</aspectratio>
                    <texture background="true" fallback="DefaultAddon.png">$INFO[Container(450).ListItem.Icon]</texture>
                </control>
            </control>
            <include name="Dialog_FavouriteList">
                <param name="id" value="450" />
                <param name="left" value="472" />
                <param name="moveid" value="noop" />
            </include>

        </control>
    </controls>

</window>