<?xml version="1.0" encoding="UTF-8"?>
<window>
    <backgroundcolor>Background</backgroundcolor>
    <menucontrol>9000</menucontrol>
    <defaultcontrol always="true">50</defaultcontrol>
    <views>50,500</views>
    <onunload>SetProperty(NodeReturn,pictures,home)</onunload>
    <onunload>SetProperty(HubReturn,$INFO[Container.FolderPath],home)</onunload>
    <controls>
        <!-- Background -->
        <include>Furniture_Background</include>
        <include>Furniture_RSS</include>
        <include>Furniture_TopBar</include>
        

        <!-- Main group -->
        <control type="group">
            <include>Defs_ViewBackground</include>
            <include name="Object_Headline">
                <param name="label" value="$INFO[Control.GetLabel(3),,  ]$INFO[Control.GetLabel(4),,  ]" />
            </include>
            <include>Viewtype_SquareList</include>
            <include>Viewtype_Icon</include>
        </control>



        <!-- Menu -->
        <control type="group">
            <visible allowhiddenfocus="true">ControlGroup(9000).HasFocus()</visible>
            <include>Dialog_Top</include>
            <include>Dialog_Background</include>
            <include name="Dialog_Top_IconHeader">
                <param name="label" value="$LOCALIZE[31068]" />
                <param name="icon" value="special://skin/extras/icons/settings.png" />
            </include>
            <include name="Dialog_Top_Arrows">
                <param name="id" value="9000" />
            </include>

            <control type="grouplist" id="9000">
                <include>Dialog_Top_GroupList</include>
                <defaultcontrol always="true">3</defaultcontrol>
                <include>Object_BasicViewList</include>
                <!-- Start SlideShow -->
                <control type="button" id="6">
                    <include>Defs_OptionButton2</include>
                    <label>13317</label>
                    <visible>Control.IsEnabled(6)</visible>
                </control>
                <!-- Randomise SlideShow -->
                <control type="radiobutton" id="9">
                    <include>Defs_OptionButton2</include>
                    <label>13319</label>
                    <visible>Control.IsEnabled(9)</visible>
                </control>
            </control>
        </control>
    </controls>

</window>