<?xml version="1.0" encoding="UTF-8"?>
<window>
    <!-- profilesettings -->
    <defaultcontrol always="true">5</defaultcontrol>
    <controls>
        <include>GlobalOverlay</include>
        <control type="group">
            
            <include>Animation_SlideIn</include>
            <include>Animation_FadeOut</include>
            <centerleft>50%</centerleft>
            <width>1792</width>
            <bottom>100</bottom>
            <height>676</height>
            <include>Dialog_Background</include>
            <include name="Dialog_Top_IconHeader">
                <param name="label" value="$INFO[Control.GetLabel(2)]$INFO[Control.GetLabel(103),  -  ,]" />
                <param name="icon" value="special://skin/extras/icons/actor.png" />
            </include>
            <control type="group">
                <left>bigpad</left>
                <width>576</width>
                <height>576</height>
                <bottom>bigpad</bottom>
                <include>Object_Background</include>
                <control type="image" id="101">
                    <aspectratio>keep</aspectratio>
                </control>
            </control>
            <control type="group">
                <left>616</left>
                <bottom>bigpad</bottom>
                <width>1156</width>
                <height>576</height>
                <include>Object_Background</include>
                <control type="grouplist" id="5">
                    <itemgap>0</itemgap>
                    <onup>8000</onup>
                    <onright>8000</onright>
                    <ondown>noop</ondown>
                    <orientation>vertical</orientation>
                </control>
            </control>
            <control type="grouplist" id="8000">
                <right>bigpad</right>
                <top>pad</top>
                <align>right</align>
                <height>60</height>
                <ondown>5</ondown>
                <onup>noop</onup>
                <orientation>horizontal</orientation>
                <itemgap>pad</itemgap>
                <control type="button" id="28">
                    <label>186</label>
                    <width>auto</width>
                    <height>100%</height>
                    <align>right</align>
                    <texturenofocus>noop</texturenofocus>
                    <texturefocus>noop</texturefocus>
                    <focusedcolor>$VAR[HighlightColor]</focusedcolor>
                    <include>Defs_OptionButton</include>
                </control>
                <control type="button" id="29">
                    <label>222</label>
                    <width>auto</width>
                    <height>100%</height>
                    <align>right</align>
                    <texturenofocus>noop</texturenofocus>
                    <texturefocus>noop</texturefocus>
                    <focusedcolor>$VAR[HighlightColor]</focusedcolor>
                    <include>Defs_OptionButton</include>
                </control>
            </control>
        </control>

        <!-- Hidden Controls -->
        <control type="label" id="2"><visible>false</visible></control>
        <control type="label" id="102"><visible>false</visible></control>
        <control type="label" id="103"><visible>false</visible></control>

        <!-- Default Controls -->
        <control type="button" id="7">
            <width>100%</width>
            <include>Defs_OptionButton</include>
        </control>
        <control type="radiobutton" id="8">
            <width>100%</width>
            <radioposx>1430</radioposx>
            <include>Defs_OptionButton</include>
        </control>
        <control type="spincontrolex" id="9">
            <align>left</align>
            <width>100%</width>
            <include>Defs_OptionButton</include>
        </control>
        <control type="label" id="14">
            <width>100%</width>
            <include>Defs_OptionButton</include>
        </control>
        <control type="image" id="11">
            <width>100%</width>
            <visible>false</visible>
            <include>Defs_OptionButton</include>
        </control>

    </controls>

</window>