<?xml version="1.0" encoding="UTF-8"?>
<includes>
    <!-- LIST -->
    <include name="Viewtype_List">
        <control type="group">
            <visible>Control.IsVisible(50)</visible>
            <include>Animation_FadeIn</include>
            <include>Animation_FadeOut</include>
            <left>bigpad</left>
            <right>bigpad</right>
            <top>bigpad</top>
            <height>posterh</height>
            
            <include name="Object_Poster">
                <param name="width" value="posterw" />
            </include>
            <include name="View_List">
                <param name="viewlabel" value="535" />
                <param name="posx" value="0" />
                <param name="width" value="listw" />
                <param name="id" value="50" />
                <param name="condition" value="true" />
            </include>
            <control type="group">
                <width>listw</width>
                <include>Object_Arrows_Vertical</include>
            </control>
        </control>
    </include>

    <include name="Viewtype_SquareList">
        <control type="group">
            <visible>Control.IsVisible(50)</visible>
            <include>Animation_FadeIn</include>
            <include>Animation_FadeOut</include>
            <left>20</left>
            <right>20</right>
            <top>20</top>
            <height>posterh</height>
            <include name="Object_Poster">
                <param name="width" value="posterh" />
            </include>
            <include name="View_List">
                <param name="viewlabel" value="535" />
                <param name="posx" value="0" />
                <param name="width" value="listinfow" />
                <param name="id" value="50" />
                <param name="condition" value="true" />
            </include>
            <control type="group">
                <width>listinfow</width>
                <include>Object_Arrows_Vertical</include>
            </control>
        </control>
    </include>

    

    <!-- MEDIA INFO -->
    <include name="Viewtype_MediaInfo">
        <control type="group">
            <visible>Control.IsVisible(51)</visible>
            <include>Animation_FadeIn</include>
            <include>Animation_FadeOut</include>
            <left>bigpad</left>
            <right>bigpad</right>
            <top>bigpad</top>
            <height>posterh</height>
            <include name="View_List">
                <param name="viewlabel" value="544" />
                <param name="posx" value="0" />
                <param name="width" value="listinfow" />
                <param name="id" value="51" />
                <param name="condition" value="Container.Content(seasons) | Container.Content(movies) | Container.Content(tvshows) | Container.Content(episodes) | Container.Content(sets)" />
            </include>
            <include>Object_ExtraInfo</include>
        </control>
    </include>

    <!-- MEDIA INFO 2 -->
    <include name="Viewtype_MediaInfo2">
        <control type="group">
            <visible>Control.IsVisible(57)</visible>
            <include>Animation_FadeIn</include>
            <include>Animation_FadeOut</include>
            <left>bigpad</left>
            <right>bigpad</right>
            <top>bigpad</top>
            <height>posterh</height>
            <include name="View_List">
                <param name="viewlabel" value="31143" />
                <param name="posx" value="0" />
                <param name="width" value="listmediainfow" />
                <param name="id" value="57" />
                <param name="label3" value="false" />
                <param name="condition" value="Container.Content(seasons) | Container.Content(movies) | Container.Content(tvshows) | Container.Content(episodes) | Container.Content(sets)" />
            </include>
            <include>Object_ExtraInfo2</include>
        </control>
    </include>

    <!-- INFO LIST -->
    <include name="Viewtype_InfoList">
        <control type="group">
            <visible>Control.IsVisible(53)</visible>
            <include>Animation_FadeIn</include>
            <include>Animation_FadeOut</include>
            <left>bigpad</left>
            <right>bigpad</right>
            <top>bigpad</top>
            <height>posterh</height>
            <include name="View_InfoList">
                <param name="id" value="53" />
                <param name="width" value="headlinew" />
                <param name="name" value="$LOCALIZE[31192]" />
                <param name="condition" value="Container.Content(seasons) | Container.Content(sets) | Container.Content(episodes) | Container.Content(tvshows) | Container.Content(movies)" />
            </include>
        </control>
    </include>
    <include name="View_InfoList">
        <control type="group">
            <control type="group">
                <bottom>380</bottom>
                <left>0</left>
                <width>$PARAM[width]</width>
                <height>340</height>

                <control type="group">
                    <width>604</width>
                    <height>100%</height>
                    <include>Object_Background</include>
                    <control type="image">
                        <fadetime>200</fadetime>
                        <aspectratio>scale</aspectratio>
                        <texture>$VAR[Image_Thumb]</texture>
                    </control>
                </control>
                <control type="group">
                    <left>624</left>
                    <right>0</right>
                    <height>100%</height>
                    <include>Object_Background</include>
                    <control type="image">
                        <right>20</right>
                        <top>20</top>
                        <height>32</height>
                        <width>32</width>
                        <texture>$VAR[Image_Indicator]</texture>
                        <visible>!IsEmpty(ListItem.Overlay)</visible>
                    </control>
                    <control type="grouplist">
                        <usecontrolcoords>true</usecontrolcoords>
                        <itemgap>pad</itemgap>
                        <orientation>vertical</orientation>
                        <left>pad</left>
                        <right>pad</right>
                        <top>pad</top>
                        <bottom>pad</bottom>
                        <control type="label">
                            <top>pad</top>
                            <left>pad</left>
                            <right>pad</right>
                            <height>36</height>
                            <font>Font-InfoBox-Title</font>
                            <label>$INFO[ListItem.Label]</label>
                        </control>
                        <control type="label">
                            <left>pad</left>
                            <right>pad</right>
                            <height>24</height>
                            <textcolor>$VAR[HighlightColor2]</textcolor>
                            <font>Font-ListInfo-Small-Bold</font>
                            <label>$INFO[ListItem.Genre,[UPPERCASE],[/UPPERCASE]]</label>
                        </control>
                        <control type="textbox">
                            <top>7</top>
                            <left>pad</left>
                            <right>pad</right>
                            <height>154</height>
                            <font>Font-ListInfo</font>
                            <align>left</align>
                            <label>$VAR[Label_Plot]</label>
                        </control>
                        <control type="label">
                            <top>13</top>
                            <left>pad</left>
                            <right>pad</right>
                            <height>20</height>
                            <align>right</align>
                            <font>Font-ListInfo-Small-Bold</font>
                            <label>$VAR[Label_ExtraInfo_Icons]</label>
                        </control>
                    </control>
                </control>
            </control>
            <control type="group">
                <left>0</left>
                <width>$PARAM[width]</width>
                <bottom>0</bottom>
                <height>360</height>
                <include>Object_Background</include>
            </control>
            <control type="fixedlist" id="$PARAM[id]">
                <bottom>0</bottom>
                <left>0</left>
                <width>$PARAM[width]</width>
                <height>360</height>
                <onup>$PARAM[id]</onup>
                <ondown>$PARAM[id]</ondown>
                <onleft>60</onleft>
                <onright condition="!Skin.HasSetting(KioskMode)">9000</onright>
                <pagecontrol>60</pagecontrol>
                <focusposition>2</focusposition>
                <movement>2</movement>
                <preloaditems>2</preloaditems>
                <orientation>vetical</orientation>
                <viewtype label="$PARAM[name]">list</viewtype>
                <scrolltime tween="quadratic">400</scrolltime>
                <visible>$PARAM[condition]</visible>
                <itemlayout height="72" width="$PARAM[width]">
                    <include>View_List_Itemlayout</include>
                </itemlayout>

                <focusedlayout height="72" width="$PARAM[width]">
                    <include>View_List_Focusedlayout</include>
                </focusedlayout>
            </control>
        </control>
        
    </include>

    <!-- FANART LIST -->
    <include name="Viewtype_FanartList">
        <control type="group">
            <visible>Control.IsVisible(54)</visible>
            <include>Animation_FadeIn</include>
            <include>Animation_FadeOut</include>
            <left>bigpad</left>
            <right>bigpad</right>
            <top>bigpad</top>
            <height>posterh</height>
            <include>Object_BigFanart</include>
            <include name="View_List">
                <param name="viewlabel" value="31164" />
                <param name="posx" value="0" />
                <param name="width" value="hubitemw" />
                <param name="id" value="54" />
                <param name="label3" value="false" />
                <param name="label2" value="false" />
                <param name="condition" value="Container.Content(seasons) | Container.Content(movies) | Container.Content(tvshows) | Container.Content(episodes) | Container.Content(sets)" />
            </include>
            <control type="group">
                <width>659</width>
                <include>Object_Arrows_Vertical</include>
            </control>
        </control>
    </include>

    <!-- LIST INCLUDE -->
    <include name="View_List_Itemlayout">
        <control type="label">
            <left>30</left>
            <right>30</right>
            <top>0</top>
            <height>100%</height>
            <align>left</align>
            <font>Font-ListInfo</font>
            <label>$INFO[ListItem.Year]</label>
            <visible>Container.Content(movies)</visible>
        </control>
        <control type="label">
            <left>130</left>
            <right>30</right>
            <top>0</top>
            <height>100%</height>
            <label>$INFO[ListItem.Label]</label>
            <visible>Container.Content(movies)</visible>
        </control>
        <control type="label">
            <left>30</left>
            <right>30</right>
            <top>0</top>
            <height>100%</height>
            <label>$INFO[ListItem.Label]</label>
            <visible>!Container.Content(movies)</visible>
        </control>
        <control type="label">
            <left>30</left>
            <right>150</right>
            <top>0</top>
            <height>100%</height>
            <align>right</align>
            <font>Font-ListInfo</font>
            <label>$VAR[Label_Label3]</label>
            <visible>!IsEmpty(ListItem.Overlay)</visible>
            <visible>!Container.Content(seasons) + !Container.Content(sets)</visible>
        </control>
        <control type="image">
            <right>95</right>
            <centertop>50%</centertop>
            <height>32</height>
            <width>32</width>
            <texture>$VAR[Image_Indicator]</texture>
            <visible>!IsEmpty(ListItem.Overlay)</visible>
            <visible>!Container.Content(seasons) + !Container.Content(sets)</visible>
        </control>
        <control type="image">
            <right>30</right>
            <centertop>50%</centertop>
            <height>32</height>
            <width>32</width>
            <texture>$VAR[Image_Indicator]</texture>
            <visible>!IsEmpty(ListItem.Overlay)</visible>
            <visible>Container.Content(seasons) | Container.Content(sets)</visible>
        </control>
        <control type="label">
            <left>30</left>
            <right>30</right>
            <top>0</top>
            <height>100%</height>
            <align>right</align>
            <font>Font-ListInfo</font>
            <label fallback="0.0">$INFO[ListItem.Rating]</label>
            <visible>!IsEmpty(ListItem.Overlay)</visible>
            <visible>!Container.Content(seasons) + !Container.Content(sets)</visible>
        </control>
        <control type="label">
            <left>30</left>
            <right>30</right>
            <top>0</top>
            <height>100%</height>
            <align>right</align>
            <font>Font-ListInfo</font>
            <label>$INFO[ListItem.Label2]</label>
            <visible>IsEmpty(ListItem.Overlay)</visible>
        </control>
    </include>
    <include name="View_List_Focusedlayout">
        <control type="image">
            <texture colordiffuse="$VAR[HighlightColor]">common/white.png</texture>
        </control>
        <control type="label">
            <left>30</left>
            <right>30</right>
            <top>0</top>
            <height>100%</height>
            <align>left</align>
            <font>Font-ListInfo</font>
            <textcolor>Selected</textcolor>
            <label>$INFO[ListItem.Year]</label>
            <visible>Container.Content(movies)</visible>
        </control>
        <control type="label">
            <left>130</left>
            <right>30</right>
            <top>0</top>
            <height>100%</height>
            <label>$INFO[ListItem.Label]</label>
            <textcolor>Selected</textcolor>
            <visible>Container.Content(movies)</visible>
        </control>
        <control type="label">
            <left>30</left>
            <right>30</right>
            <top>0</top>
            <height>100%</height>
            <label>$INFO[ListItem.Label]</label>
            <textcolor>Selected</textcolor>
            <visible>!Container.Content(movies)</visible>
        </control>
        <control type="label">
            <textcolor>Selected</textcolor>
            <left>30</left>
            <right>150</right>
            <top>0</top>
            <height>100%</height>
            <align>right</align>
            <font>Font-ListInfo</font>
            <label>$VAR[Label_Label3]</label>
            <visible>!IsEmpty(ListItem.Overlay)</visible>
            <visible>!Container.Content(seasons) + !Container.Content(sets)</visible>
        </control>
        <control type="image">
            <right>95</right>
            <centertop>50%</centertop>
            <height>32</height>
            <width>32</width>
            <texture>$VAR[Image_Indicator]</texture>
            <visible>!IsEmpty(ListItem.Overlay)</visible>
            <visible>!Container.Content(seasons) + !Container.Content(sets)</visible>
        </control>
        <control type="image">
            <right>30</right>
            <centertop>50%</centertop>
            <height>32</height>
            <width>32</width>
            <texture>$VAR[Image_Indicator]</texture>
            <visible>!IsEmpty(ListItem.Overlay)</visible>
            <visible>Container.Content(seasons) | Container.Content(sets)</visible>
        </control>
        <control type="label">
            <textcolor>Selected</textcolor>
            <left>30</left>
            <right>30</right>
            <top>0</top>
            <height>100%</height>
            <align>right</align>
            <font>Font-ListInfo</font>
            <label fallback="0.0">$INFO[ListItem.Rating]</label>
            <visible>!IsEmpty(ListItem.Overlay)</visible>
            <visible>!Container.Content(seasons) + !Container.Content(sets)</visible>
        </control>
        <control type="label">
            <textcolor>Selected</textcolor>
            <left>30</left>
            <right>30</right>
            <top>0</top>
            <height>100%</height>
            <align>right</align>
            <font>Font-ListInfo</font>
            <label>$INFO[ListItem.Label2]</label>
            <visible>IsEmpty(ListItem.Overlay)</visible>
        </control>
    </include>
    <include name="View_List">
        <param name="label3" default="true" />
        <param name="label2" default="true" />
        <definition>
            <control type="group">
                <left>$PARAM[posx]</left>
                <width>$PARAM[width]</width>
                <include>Object_Background</include>
                <include>Object_Scrollbar</include>
                <control type="panel" id="$PARAM[id]">
                    <top>0</top>
                    <left>0</left>
                    <width>$PARAM[width]</width>
                    <height>posterh</height>
                    <onup>$PARAM[id]</onup>
                    <ondown>$PARAM[id]</ondown>
                    <onleft>60</onleft>
                    <onright condition="!Skin.HasSetting(KioskMode)">9000</onright>
                    <pagecontrol>60</pagecontrol>
                    <orientation>vertical</orientation>
                    <viewtype label="$PARAM[viewlabel]">list</viewtype>
                    <scrolltime tween="quadratic">400</scrolltime>
                    <visible>$PARAM[condition]</visible>
                    <itemlayout height="72" width="$PARAM[width]" condition="$PARAM[label3]">
                        <include>View_List_Itemlayout</include>
                    </itemlayout>
                    <focusedlayout height="72" width="$PARAM[width]" condition="$PARAM[label3]">
                        <include>View_List_Focusedlayout</include>
                    </focusedlayout>
                    <itemlayout height="72" width="$PARAM[width]" condition="!$PARAM[label3]">
                        <control type="label">
                            <left>80</left>
                            <right>30</right>
                            <top>0</top>
                            <height>100%</height>
                            <font>Font-ListInfo-Small-Bold</font>
                            <label>$INFO[ListItem.Label]</label>
                            <visible>!$PARAM[label2]</visible>
                        </control>
                        <control type="label">
                            <left>80</left>
                            <right>30</right>
                            <top>0</top>
                            <height>100%</height>
                            <label>$INFO[ListItem.Label]</label>
                            <visible>$PARAM[label2]</visible>
                        </control>
                        <control type="image">
                            <centerleft>40</centerleft>
                            <centertop>50%</centertop>
                            <height>32</height>
                            <width>32</width>
                            <texture>$VAR[Image_Indicator]</texture>
                            <visible>!IsEmpty(ListItem.Overlay)</visible>
                        </control>
                        <control type="label">
                            <left>30</left>
                            <right>30</right>
                            <top>0</top>
                            <height>100%</height>
                            <align>right</align>
                            <font>Font-ListInfo</font>
                            <label>$INFO[ListItem.Label2]</label>
                            <visible>$PARAM[label2]</visible>
                        </control>
                    </itemlayout>
                    <focusedlayout height="72" width="$PARAM[width]" condition="!$PARAM[label3]">
                        <control type="image">
                            <width>100%</width>
                            <height>100%</height>
                            <texture colordiffuse="$VAR[HighlightColor]">common/white.png</texture>
                        </control>
                        <control type="label">
                            <left>80</left>
                            <right>30</right>
                            <top>0</top>
                            <height>100%</height>
                            <textcolor>Selected</textcolor>
                            <font>Font-ListInfo-Small-Bold</font>
                            <label>$INFO[ListItem.Label]</label>
                            <visible>!$PARAM[label2]</visible>
                        </control>
                        <control type="label">
                            <left>80</left>
                            <right>30</right>
                            <top>0</top>
                            <height>100%</height>
                            <textcolor>Selected</textcolor>
                            <label>$INFO[ListItem.Label]</label>
                            <visible>$PARAM[label2]</visible>
                        </control>
                        <control type="image">
                            <centerleft>40</centerleft>
                            <centertop>50%</centertop>
                            <height>32</height>
                            <width>32</width>
                            <texture>$VAR[Image_Indicator]</texture>
                            <visible>!IsEmpty(ListItem.Overlay)</visible>
                        </control>
                        <control type="label">
                            <left>30</left>
                            <right>30</right>
                            <top>0</top>
                            <height>100%</height>
                            <align>right</align>
                            <font>Font-ListInfo</font>
                            <textcolor>Selected</textcolor>
                            <label>$INFO[ListItem.Label2]</label>
                            <visible>$PARAM[label2]</visible>
                        </control>
                    </focusedlayout>
                </control>
            </control>
        </definition>
    </include>


</includes>
