{
    "hd-torrents": {
        "anime_extra": "",
        "anime_keywords": "{title} {episode}",
        "anime_query": "EXTRA",
        "base_url": "https://hd-torrents.org/torrents.php?csrfToken=CSRF_TOKEN&search=QUERYEXTRA&active=1&order=seeds&by=DESC",
        "color": "FFCFCFCF",
        "general_extra": "",
        "general_keywords": "{title}",
        "general_query": "",
        "language": null,
        "login_failed": "Recover",
        "login_object": "{'uid': USERNAME, 'pwd': PASSWORD, 'csrfToken': CSRF_TOKEN}",
        "login_path": "/login.php",
        "movie_extra": "",
        "movie_keywords": "{title} {year}",
        "movie_query": "",
        "name": "HD Torrents",
        "parser": {
            "infohash": "",
            "name": "item(tag='a', order=2)",
            "peers": "item(tag='td', order=11)",
            "row": "find_once('table', ('class', 'mainblockcontenttt')).find_all('tr', start=3)",
            "seeds": "item(tag='td', order=10)",
            "size": "item(tag='td', order=8)",
            "torrent": "'https://hd-torrents.org/%s' % item(tag='a', attribute='href', order=5).replace('wishlist.php', 'download.php').replace('torrent_id=', 'id=')"
        },
        "private": true,
        "root_url": "https://hd-torrents.org",
        "season_extra": "",
        "season_extra2": "",
        "season_keywords": "{title} Season {season:2}",
        "season_keywords2": "{title} S{season:2}",
        "season_query": "",
        "separator": "+",
        "show_query": "",
        "subpage": false,
        "tv_extra": "",
        "tv_extra2": "",
        "tv_keywords": "{title} s{season:2}e{episode:2}",
        "tv_keywords2": ""
    },
    "toloka": {
        "anime_extra": "",
        "anime_keywords": "{title} {episode}",
        "anime_query": "",
        "base_url": "https://toloka.to/tracker.php?nm=QUERYEXTRA&o=10",
        "color": "FFFFFFFF",
        "general_extra": "",
        "general_keywords": "{title}",
        "general_query": "",
        "language": "en",
        "login_failed": "Такий псевдонім не існує, або не збігається пароль.",
        "login_object": "{'username': USERNAME, 'password': PASSWORD, 'autologin': '1', 'login': 'Enter'}",
        "login_path": "/login.php",
        "movie_extra": "",
        "movie_keywords": "{title} {year}",
        "movie_query": "",
        "name": "Toloka",
        "parser": {
            "infohash": "",
            "name": "item('a', order=2)",
            "peers": "item(tag='td', order=11)",
            "row": "find_once('table', ('class', 'forumline'), order=2).find_all('tr', start=2)",
            "seeds": "item(tag='td', order=10)",
            "size": "item(tag='td', order=7)",
            "torrent": "'https://toloka.to/%s' % item(tag='a', attribute='href', order=4)"
        },
        "private": true,
        "root_url": "https://toloka.to",
        "season_extra": "",
        "season_extra2": "",
        "season_keywords": "{title} Сезон_{season}",
        "season_keywords2": "{title} S{season:2}",
        "season_query": "",
        "separator": "+",
        "show_query": "",
        "subpage": false,
        "tv_extra": "",
        "tv_extra2": "",
        "tv_keywords": "{title} s{season:2}e{episode:2}",
        "tv_keywords2": "{title} Сезон_{season}"
    },
    "0day": {
        "anime_extra": "",
        "anime_keywords": "{title} {episode}",
        "anime_query": "",
        "base_url": "https://tracker.0day.kiev.ua/browse.php?c10=1&c11=1&c29=1&c34=1&c20=1&c12=1&c13=1&c21=1&c15=1&c16=1&c27=1&c28=1&c41=1&c19=1&c30=1&c23=1&search=QUERYEXTRA&incldead=0&where=0&sort=7&type=desc",
        "color": "FFFFFFFF",
        "general_extra": "",
        "general_keywords": "{title}",
        "general_query": "",
        "language": "en",
        "login_failed": "Ошибка входа",
        "login_object": "{'username': USERNAME, 'password': PASSWORD, 'returnto': '/browse.php'}",
        "login_path": "/takelogin.php",
        "movie_extra": "",
        "movie_keywords": "{title} {year}",
        "movie_query": "",
        "name": "0day",
        "parser": {
            "infohash": "",
            "name": "item(tag='a', order=2)",
            "row": "find_once('table', ('class', 'row'), order=1).find_all('tr', start=27)",
            "seeds": "item(tag='td', order=6, divider=('|', 0))",
            "peers": "item(tag='td', order=6, divider=('|', 1))",
            "size": "item(tag='td', order=4)",
            "torrent": "'https://tracker.0day.kiev.ua/%s' % item(tag='a', attribute='href', order=3)"
        },
        "private": true,
        "root_url": "https://tracker.0day.kiev.ua",
        "season_extra": "",
        "season_extra2": "",
        "season_keywords": "{title} %D1%E5%E7%EE%ED {season}",
        "season_keywords2": "{title} S{season:2}",
        "season_query": "",
        "separator": "+",
        "show_query": "",
        "subpage": false,
        "tv_extra": "",
        "tv_extra2": "",
        "tv_keywords": "{title} s{season:2}e{episode:2}",
        "tv_keywords2": "{title} %D1%E5%E7%EE%ED {season}"
    },
    "nnmclub": {
        "anime_extra": "",
        "anime_keywords": "{title} {episode}",
        "anime_query": "",
        "base_url": "https://nnmclub.to/forum/tracker.php?nm=QUERYEXTRA&prev_sd=1&prev_a=1&prev_my=0&prev_n=0&prev_shc=1&prev_shf=0&prev_sha=0&prev_shs=1&prev_shr=0&prev_sht=0&o=10&s=2&tm=-1&a=1&sd=1&ta=-1&sns=-1&sds=-1&pn&submit=1",
        "color": "FFFFFFFF",
        "general_extra": "",
        "general_keywords": "{title}",
        "general_query": "",
        "language": null,
        "login_failed": "Вы ввели",
        "login_object": "{'username': USERNAME, 'password': PASSWORD, 'autologin': '1', 'login': 'Вход'}",
        "login_path": "/forum/login.php",
        "movie_extra": "",
        "movie_keywords": "{title} {year}",
        "movie_query": "",
        "name": "NNM-Club",
        "parser": {
            "infohash": "",
            "name": "item('a', order=1)",
            "peers": "item(tag='td', order=7)",
            "row": "find_once('table', ('class', 'tablesorter'), order=1).find_all('tr', ('class', ['prow1', 'prow2']))",
            "seeds": "item(tag='td', order=6)",
            "size": "item(tag='td', order=4).split(' ', 1)[1]",
            "torrent": "'https://nnmclub.to/forum/%s' % item(tag='a', attribute='href', order=2)"
        },
        "private": true,
        "root_url": "https://nnmclub.to",
        "season_extra": "",
        "season_extra2": "",
        "season_keywords": "{title} \"Сезон {season}\"",
        "season_keywords2": "{title} S{season:2}",
        "season_query": "",
        "separator": "+",
        "show_query": "",
        "subpage": false,
        "tv_extra": "",
        "tv_extra2": "",
        "tv_keywords": "{title} s{season:2}e{episode:2}",
        "tv_keywords2": "{title} \"Сезон {season}\""
    },
    "kinozal": {
        "anime_extra": "",
        "anime_keywords": "{title} {episode}",
        "anime_query": "",
        "base_url": "https://kinozal-tv.appspot.com/browse.php?s=QUERYEXTRA&g=0&c=0&v=0&d=0&w=0&t=1&f=0",
        "color": "FFFFFFFF",
        "general_extra": "",
        "general_keywords": "{title}",
        "general_query": "",
        "language": null,
        "login_failed": "",
        "login_object": "",
        "login_path": "",
        "movie_extra": "",
        "movie_keywords": "{title} {year}",
        "movie_query": "",
        "name": "Kinozal",
        "parser": {
            "infohash": "",
            "name": "item('a', order=1)",
            "peers": "item(tag='td', order=5)",
            "row": "find_once('table', ('class', 't_peer'), order=1).find_all('tr', start=2)",
            "seeds": "item(tag='td', order=4)",
            "size": "item(tag='td', order=3)",
            "torrent": "'https://s-kinozal-tv.appspot.com/getmagnet?%s' % item(tag='a', attribute='href', order=1).split('?', 1)[1]"
        },
        "private": false,
        "root_url": "https://kinozal-tv.appspot.com",
        "season_extra": "",
        "season_extra2": "",
        "season_keywords": "{title} {season}+Сезон",
        "season_keywords2": "",
        "season_query": "",
        "separator": "+",
        "show_query": "",
        "subpage": true,
        "tv_extra": "",
        "tv_extra2": "",
        "tv_keywords": "{title} s{season:2}e{episode:2}",
        "tv_keywords2": "{title} {season}+Сезон"
    },
    "newstudio": {
        "anime_extra": "",
        "anime_keywords": "{title} {episode}",
        "anime_query": "",
        "base_url": "http://newstudio.tv/tracker.php?nm=QUERYEXTRA&prev_sd=1&prev_a=1&prev_my=0&prev_n=0&prev_shc=1&prev_shf=0&prev_sha=0&prev_shs=1&prev_shr=0&prev_sht=0&o=10&s=2&tm=-1&a=1&sd=1&ds=1&ta=-1&sns=-1&sds=-1&pn&submit=1",
        "color": "FFFFFFFF",
        "general_extra": "",
        "general_keywords": "{title}",
        "general_query": "",
        "language": null,
        "login_failed": "You have specified an incorrect or inactive username",
        "login_object": "{'login_username': USERNAME, 'login_password': PASSWORD, 'autologin': '1', 'login': '1'}",
        "login_path": "/login.php",
        "movie_extra": "",
        "movie_keywords": "{title} {year}",
        "movie_query": "",
        "name": "NewStudio",
        "parser": {
            "infohash": "",
            "name": "item('a', order=2)",
            "row": "find_once('table', ('class', 'well-small'), order=1).find_all('tr', start=2)",
            "size": "item('a', order=3)",
            "seeds": "1",
            "peers": "",
            "torrent": "'http://newstudio.tv%s' % item(tag='a', attribute='href', order=4)"
        },
        "private": true,
        "root_url": "http://newstudio.tv",
        "season_extra": "",
        "season_extra2": "",
        "season_keywords": "\"{title}\" \"Сезон {season}\"",
        "season_keywords2": "",
        "season_query": "",
        "separator": "+",
        "show_query": "",
        "subpage": false,
        "tv_extra": "",
        "tv_extra2": "",
        "tv_keywords": "{title} s{season:2}e{episode:2}",
        "tv_keywords2": "{title} \"Сезон {season}\""
    },
    "rutracker": {
        "anime_extra": "",
        "anime_keywords": "{title} {episode}",
        "anime_query": "",
        "base_url": "https://rutracker.cr/forum/tracker.php?nm=QUERYEXTRA&prev_new=0&prev_oop=1&f[]=-1&o=10&s=2&oop=1&pn=",
        "color": "FFFFFFFF",
        "general_extra": "",
        "general_keywords": "{title}",
        "general_query": "",
        "language": null,
        "login_failed": "Вы ввели неверное",
        "login_object": "{'login_username': USERNAME, 'login_password': PASSWORD, 'login': 'Login'}",
        "login_path": "/forum/login.php",
        "movie_extra": "",
        "movie_keywords": "{title} {year}",
        "movie_query": "",
        "name": "RuTracker",
        "parser": {
            "infohash": "",
            "name": "item('a', order=2)",
            "row": "find_once('table', ('class', 'forumline'), order=1).find_all('tr', start=2)",
            "size": "item('a', order=4)",
            "seeds": "item(tag='b', order=1, select=('class', 'seedmed'))",
            "peers": "item(tag='b', order=2)",
            "torrent": "'https://rutracker.cr/forum/%s' % item(tag='a', attribute='href', order=4)"
        },
        "private": true,
        "root_url": "https://rutracker.cr",
        "season_extra": "",
        "season_extra2": "",
        "season_keywords": "\"{title}\" \"Сезон {season}\"",
        "season_keywords2": "",
        "season_query": "",
        "separator": "+",
        "show_query": "",
        "subpage": false,
        "tv_extra": "",
        "tv_extra2": "",
        "tv_keywords": "{title} s{season:2}e{episode:2}",
        "tv_keywords2": "{title} \"Сезон {season}\""
    },
    "megapeer": {
        "anime_extra": "",
        "anime_keywords": "{title} {episode}",
        "anime_query": "",
        "base_url": "http://megapeer.org/browse.php?search=QUERYEXTRA&age=&cat=0&stype=0&sort=0&ascdesc=0",
        "color": "FFFFFFFF",
        "general_extra": "",
        "general_keywords": "{title}",
        "general_query": "",
        "language": null,
        "login_failed": "",
        "login_object": "",
        "login_path": null,
        "movie_extra": "",
        "movie_keywords": "{title} {year}",
        "movie_query": "",
        "name": "MegaPeer",
        "parser": {
            "infohash": "",
            "row": "find_once('table', ('id', 'tor-tbl'), order=1).find_all('tr')",
            "name": "item(tag='div', select=('class', 't-title'), order=1)",
            "size": "item(tag='a', select=('class', 'tr-dl'), order=1)",
            "seeds": "item(tag='span', select=('class', 'seedmed'), order=1)",
            "peers": "",
            "torrent": "'http://megapeer.org/%s' % item(tag='a', select=('class', 'tr-dl'), attribute='href', order=1)"
        },
        "private": false,
        "root_url": "http://http://megapeer.org",
        "season_extra": "",
        "season_extra2": "",
        "season_keywords": "{title} {season} %D1%E5%E7%EE%ED",
        "season_keywords2": "{title} S{season:2}",
        "season_query": "",
        "separator": "+",
        "show_query": "",
        "subpage": false,
        "tv_extra": "",
        "tv_extra2": "",
        "tv_keywords": "{title} s{season:2}e{episode:2}",
        "tv_keywords2": "{title} {season} %D1%E5%E7%EE%ED"
    },
    "serialz": {
        "anime_extra": "",
        "anime_keywords": "{title} {episode}",
        "anime_query": "",
        "base_url": "http://serialz.tv/tracker.php?prev_allw=1&prev_a=0&prev_dla=0&prev_dlc=0&prev_dld=0&prev_dlw=0&prev_my=0&prev_new=0&prev_sd=0&prev_da=1&prev_dc=0&prev_df=1&prev_ds=0&prev_tor_type=0&df=1&da=1&f[]=-1&o=10&s=2&tm=-1&sns=-1&srg=0&pn=&nm=QUERYEXTRA&allw=1",
        "color": "FFFFFFFF",
        "general_extra": "",
        "general_keywords": "{title}",
        "general_query": "",
        "language": null,
        "login_failed": "",
        "login_object": "",
        "login_path": null,
        "movie_extra": "",
        "movie_keywords": "{title} {year}",
        "movie_query": "",
        "name": "Serialz.tv",
        "parser": {
            "infohash": "",
            "row": "find_once('table', ('id', 'tor-tbl'), order=1).find_all('tr', start=2)",
            "name": "item(tag='a', select=('class', 'tLink'), order=1)",
            "size": "item(tag='a', order=3)",
            "seeds": "item(tag='span', order=4)",
            "peers": "item(tag='span', order=5)",
            "torrent": "'http://serialz.tv%s' % item(tag='a', attribute='href', order=5)"
        },
        "private": false,
        "root_url": "http://http://serialz.tv",
        "season_extra": "",
        "season_extra2": "",
        "season_keywords": "{title} Сезон {season}",
        "season_keywords2": "{title} S{season:2}",
        "season_query": "",
        "separator": "+",
        "show_query": "",
        "subpage": true,
        "tv_extra": "",
        "tv_extra2": "",
        "tv_keywords": "{title} Сезон {season} Серия {episode:2}",
        "tv_keywords2": ""
    },
    "tfile": {
        "anime_extra": "",
        "anime_keywords": "{title} {episode}",
        "anime_query": "",
        "base_url": "http://search.tfile.co/?q=QUERYEXTRA&c=0&g=&act=&y=&ql=&a=&d=&o=&size_min=0&size_max=0",
        "color": "FFFFFFFF",
        "general_extra": "",
        "general_keywords": "{title}",
        "general_query": "",
        "language": null,
        "login_failed": "",
        "login_object": "",
        "login_path": null,
        "movie_extra": "",
        "movie_keywords": "{title} {year}",
        "movie_query": "",
        "name": "tfile.me",
        "parser": {
            "infohash": "",
            "row": "find_once('table', ('id', 'topics'), order=1).find_all('tr', start=2)",
            "name": "item(tag='td', order=3)",
            "seeds": "item(tag='td', order=5)",
            "peers": "item(tag='td', order=6)",
            "size": "item(tag='td', order=4)",
            "torrent": "'http://tfile.co/forum/viewtopic.php?t=%s' % item(attribute='id')[1:]"
        },
        "private": true,
        "root_url": "http://tfile.co/",
        "season_extra": "",
        "season_extra2": "",
        "season_keywords": "{title} %D1%E5%E7%EE%ED {season}",
        "season_keywords2": "{title} S{season:2}",
        "season_query": "",
        "separator": "+",
        "show_query": "",
        "subpage": true,
        "tv_extra": "",
        "tv_extra2": "",
        "tv_keywords": "{title} s{season:2}e{episode:2}",
        "tv_keywords2": "{title} %D1%E5%E7%EE%ED {season}"
    },
    "baibako": {
        "anime_extra": "",
        "anime_keywords": "",
        "anime_query": "",
        "base_url": "http://baibako.tv/browse.php?search=QUERYEXTRA&incldead=0&cat=0&videoformat=0&sort=7&type=desc",
        "color": "FFFFFFFF",
        "general_extra": "",
        "general_keywords": "",
        "general_query": "",
        "language": null,
        "login_failed": "Пустите",
        "login_object": "{'username': USERNAME, 'password': PASSWORD, 'commit': u'Пустите меня'}",
        "login_path": "/takelogin.php",
        "movie_extra": "",
        "movie_keywords": "",
        "movie_query": "",
        "name": "BaibaKo.TV",
        "parser": {
            "infohash": "",
            "row": "find_once('tbody', ('id', 'highlighted'), order=1).find_all('tr', start=1)",
            "name": "item(tag='a', order=2)",
            "seeds": "item(tag='td', order=7, divider=('|', 0))",
            "peers": "item(tag='td', order=7, divider=('|', 1))",
            "size": "item(tag='td', order=6)",
            "torrent": "'http://baibako.tv/%s' % item(tag='a', attribute='href', order=3)"
        },
        "private": true,
        "root_url": "http://baibako.tv/",
        "season_extra": "",
        "season_extra2": "",
        "season_keywords": "{title} %2Fs{season:2}e01-",
        "season_keywords2": "{title} S{season:2}",
        "season_query": "",
        "separator": "+",
        "show_query": "",
        "subpage": false,
        "tv_extra": "",
        "tv_extra2": "",
        "tv_keywords": "{title} %2Fs{season:2}e{episode:2}",
        "tv_keywords2": ""
    },
    "torrent3dru": {
        "anime_extra": "",
        "anime_keywords": "{title} {episode}",
        "anime_query": "",
        "base_url": "http://torrent3d.ru/browse.php?search=QUERYEXTRA&x=0&y=0",
        "color": "FFFFFFFF",
        "general_extra": "",
        "general_keywords": "{title}",
        "general_query": "",
        "language": null,
        "login_failed": "Регистрация",
        "login_object": "{'email': USERNAME, 'password': PASSWORD}",
        "login_path": "/takelogin.php",
        "movie_extra": "",
        "movie_keywords": "{title} {year}",
        "movie_query": "",
        "name": "torrent3d.ru",
        "parser": {
            "infohash": "",
            "row": "find_once('div', ('id', 'releases-table'), order=1).find_all('tr', start=3)",
            "name": "item(tag='a', order=2)",
            "seeds": "item(tag='td', order=5, divider=('|', 0))",
            "peers": "item(tag='td', order=5, divider=('|', 1))",
            "size": "item(tag='td', order=4)",
            "torrent": "'%s&ok' % item(tag='a', attribute='href', order=1).split('&', 1)[0]"
        },
        "private": true,
        "root_url": "http://torrent3d.ru/",
        "season_extra": "",
        "season_extra2": "",
        "season_keywords": "",
        "season_keywords2": "",
        "season_query": "",
        "separator": "+",
        "show_query": "",
        "subpage": false,
        "tv_extra": "",
        "tv_extra2": "",
        "tv_keywords": "",
        "tv_keywords2": ""
    },
    "3dtrackerru": {
        "anime_extra": "",
        "anime_keywords": "{title} {episode}",
        "anime_query": "",
        "base_url": "http://3d-tracker.ru/search.php?tracker_search=tracker&keywords=QUERYEXTRA&terms=all&author=&sc=1&sf=titleonly&sk=ts&sd=d&sr=topics&st=0&ch=300&t=0&submit=%D0%9F%D0%BE%D0%B8%D1%81%D0%BA",
        "color": "FFFFFFFF",
        "general_extra": "",
        "general_keywords": "{title}",
        "general_query": "",
        "language": null,
        "login_failed": "Регистрация",
        "login_object": "{'username': USERNAME, 'password': PASSWORD, 'login': u'Вход'}",
        "login_path": "/ucp.php?mode=login",
        "movie_extra": "",
        "movie_keywords": "{title} {year}",
        "movie_query": "",
        "name": "3d-tracker.ru",
        "parser": {
            "infohash": "",
            "row": "find_once('table', ('class', 'tablebg'), order=1).find_all('tr', select=('valign', 'middle'), start=1)",
            "name": "item(tag='a', select=('class', 'nav'), order=1)",
            "seeds": "item(tag='a', select=('class', 'seed'), order=1)",
            "peers": "item(tag='a', select=('class', 'leech'), order=1)",
            "size": "item(tag='b', order=5)",
            "torrent": "'http://3d-tracker.ru%s' % (item(tag='a', attribute='href', order=1)[1:])"
        },
        "private": true,
        "root_url": "http://3d-tracker.ru/",
        "season_extra": "",
        "season_extra2": "",
        "season_keywords": "",
        "season_keywords2": "",
        "season_query": "",
        "separator": "+",
        "show_query": "",
        "subpage": false,
        "tv_extra": "",
        "tv_extra2": "",
        "tv_keywords": "",
        "tv_keywords2": ""
    },
    "hdclub": {
        "anime_extra": "",
        "anime_keywords": "{title} {episode}",
        "anime_query": "",
        "base_url": "https://hdclub.org/browse.php?webdl=0&3d=0&search=QUERYEXTRA&incldead=0&dsearch=&stype=and&sort=7&type=desc&passkey=PASSKEY",
        "color": "FFFFFFFF",
        "general_extra": "",
        "general_keywords": "{title}",
        "general_query": "",
        "language": null,
        "login_failed": "",
        "login_object": "",
        "login_path": "",
        "movie_extra": "",
        "movie_keywords": "{title} ({year})",
        "movie_query": "",
        "name": "HDCLUB.org",
        "parser": {
            "infohash": "",
            "name": "item('a', order=3)",
            "row": "find_once('tbody', ('id', 'highlighted'), order=1).find_all('tr', start=1)",
            "size": "item('td', order=9)",
            "seeds": "item(tag='td', order=7)",
            "peers": "item(tag='td', order=8)",
            "torrent": "'https://hdclub.org/%s&passkey=PASSKEY' % item(tag='a', attribute='href', order=3).replace('details.php', 'download.php')"
        },
        "private": true,
        "root_url": "https://hdclub.org/",
        "season_extra": "",
        "season_extra2": "",
        "season_keywords": "",
        "season_keywords2": "",
        "season_query": "",
        "separator": "+",
        "show_query": "",
        "subpage": false,
        "tv_extra": "",
        "tv_extra2": "",
        "tv_keywords": "",
        "tv_keywords2": ""
    }
}
