<?xml version="1.0" encoding="UTF-8" standalone="yes"?>
<addon id="repository.ninjasys" name="The [COLOR blue]Ninjasys[/COLOR] [COLOR red]repo[/COLOR] - [COLOR white]xXx addons[/COLOR] [COLOR purple]by oneil[/COLOR]" version="1.1" provider-name="oneil - maintained by Goliath from Team Evolve">
	<extension point="xbmc.addon.repository" name="The [COLOR blue]Ninjasys[/COLOR] [COLOR red]repo[/COLOR] - [COLOR white]xXx addons[/COLOR] [COLOR purple]by oneil[/COLOR]">
		<info compressed="false">https://raw.githubusercontent.com/Goliath-Evolve/repository.Goliath/master/addons.xml</info>
		<checksum>https://raw.githubusercontent.com/Goliath-Evolve/repository.Goliath/master/addons.xml.md5</checksum>
		<datadir zip="true">https://raw.githubusercontent.com/Goliath-Evolve/repository.Goliath/master/zips/</datadir>
	</extension>
	<extension point="xbmc.addon.metadata">
		<summary>The [COLOR blue]Ninjasys[/COLOR] repo contain xXx addons.</summary>
		<description>The [COLOR blue]Ninjasys[/COLOR] repo, containing all of [COLOR white]oneil's[/COLOR] porn addons.</description>
		<platform>all</platform>
	</extension>
</addon>
