<?xml version="1.0" encoding="UTF-8" standalone="yes"?>
<addon id="plugin.video.zonalatina"
       name="[COLOR red]ZONA[/COLOR] [COLOR white]LATINA[/COLOR]"
       version="4.0"
       provider-name="[COLOR red]Johnyx[/COLOR]">
  <requires>
    <import addon="xbmc.python" version="2.1.0"/>
    <import addon="script.module.beautifulsoup" version="3.2.1"/>
    <import addon="script.module.simple.downloader" version="0.9.4"/>
    <import addon="script.module.beautifulsoup4" />
    <import addon="script.module.requests" />
    <import addon="script.module.httplib2" />
    <import addon="script.module.liveresolver" version="0.1.24" optional="true"/>
    <import addon="script.module.youtube.dl" optional="true"/>
    <import addon="plugin.video.youtube" optional="true" />
    <import addon="script.module.urlresolver" optional="true"/>
    <import addon="script.module.simplejson" />    
     <import addon="script.module.livestreamer" optional="true"/>
     <import addon="script.module.pyamf" optional="true"/>
  </requires>
  <extension point="xbmc.python.pluginsource" library="default.py">
    <provides>video</provides>
  </extension>
  <extension point="xbmc.addon.metadata">
    <summary>[COLOR red]Peliculas, Series, Canales, Deportes y Animes en Espanol por Johnyx, Basado en LiveStream Pro de Shani [/COLOR]</summary>
    <description>[COLOR red]Peliculas, Series, Canales, Deportes y Animes en Espanol por Johnyx, Basado en LiveStream Pro de Shani [/COLOR]</description>
    <platform>all</platform>
  </extension>
</addon>
