<?xml version='1.0' encoding='UTF-8' standalone='yes'?>
<addon id="skin.tvOS-X" version="2.0.0" name=" SERENITY for Krypton" provider-name="SchisM">
  <requires>
    <import addon="xbmc.gui" version="5.12.0"/>
    <import addon="script.favourites" />
    <import addon="service.library.data.provider"/>
	
	<import addon="script.skinshortcuts"  />
  </requires>
  <extension point="xbmc.gui.skin" defaultthemename="Textures.xbt" effectslowdown="1" debugging="false">
        <res width="1920" height="1080" aspect="16:9" default="true" folder="1080i"/>
    </extension>
  <extension point="xbmc.addon.metadata">
    <platform>all</platform>
    <description lang="en">Thanks to Fastcolors for SiO2. If you like Apple "everything at hand" policy for interfaces, You might want to give this Skin a try. I designed it trying to put as few clicks as possible between You and what You're trying to do (or watch ;) ).[CR]Thanks to Pecinko for Quartz as a solid base to build on.[CR] Thanks to testers and Inspirers: Toiva, Scrolling, Abrasher, Lucanoid, Relyter.</description>
    <description lang="it">Se ti piace la politica di Apple per le interfacce grafiche "tutto a portata di mano", allora dovresti provare questa Skin. L'ho progettata cercando di mettere il minor numero di click tra te e quello che stai cercando di fare (o di guardare ;) ).[CR]Grazie a Pecinko per Quartz come solida base di partenza.[CR] Grazie ai testers e agli ispiratori:.. Toiva, Scrolling, Abrasher, Lucanoid, Relyter.</description>
    <disclaimer>tvOS-X</disclaimer>
  </extension>
</addon>
